No,Ecosystem,Package Name,Package Version,File Name,Line No,Issue,Note,,,,,,,,,,,,,,,,,,
1,pypi,j3y5r,,setup,,,clean,,,,,,,,,,,,,,,,,,
,,,,__init__,22-Mar,Obfuscated with BlankOBF,https://github.com/Blank-c/BlankOBF,,,,,,,,,,,,,,,,,,
2,pypi,piplibraryscraper,,,,,,,,,,,,,,,,,,,,,,,
3,pypi,toolcontrol,,setup.py,7,subprocess.Popen with powershell,Arbitrary command execution,,,,,,,,,,,,,,,,,,
,,,,setup.py,7,Base64-encoded commands,Obfuscation to bypass scanners,,,,,,,,,,,,,,,,,,
,,,,setup,7,Hidden window (CREATE_NO_WINDOW),Stealthy execution,,,,,,,,,,,,,,,,,,
4,,narratives-from-tweets,,setup,5,CustomInstall class enables arbitrary code execution,,,,,,,,,,,,,,,,,,,
,,,,setup,8-Jun,subprocess.run() in run() enables silent post-install actions,,,,,,,,,,,,,,,,,,,
,,,,__init__,,,clean,,,,,,,,,,,,,,,,,,
,,,,my_module,13-Jun,Unauthorized collection of system information,,,,,,,,,,,,,,,,,,,
,,,,my_module,24,Data exfiltration to external server,,,,,,,,,,,,,,,,,,,
5,,py-crd,,setup,18-Nov,Arbitrary code execution during installation by overriding run() method,,,,,,,,,,,,,,,,,,,
,,,,setup,16,Obfuscated and encrypted payload execution. Fernet is used to decrypt and finally executed.,,,,,,,,,,,,,,,,,,,
,,,,setup,13,"Conditional execution on windows systems by check os.name == ""nt"" . Often targets windows specific vulnerabilities.",,,,,,,,,,,,,,,,,,,
,,,,setup,"6,7,24,25","Suspicious package metadata like description, author and author_email",,,,,,,,,,,,,,,,,,,
,,,,setup,33,"Dependency on potentially malicious modules. ‘requests’ is well known, but ‘fernet’ is comparatively non-standard.",,,,,,,,,,,,,,,,,,,
,,,,setup,16,Executing dynamically generated code with exec() . Commonly used for malicious script execution.,,,,,,,,,,,,,,,,,,,
6,,tprandomloadpaypal,,setup,8,subprocess.Popen with PowerShell,,,,,,,,,,,,,,,,,,,
,,,,setup,8,Base64-encoded Powershell command,,,,,,,,,,,,,,,,,,,
,,,,setup,8,WindowStyle Hidden hides the PowerShell window from the user,,,,,,,,,,,,,,,,,,,
,,,,setup,8,CREATE_NO_WINDOW flag ensures the process runs silently in the background,,,,,,,,,,,,,,,,,,,
,,,,setup,17-18,Author information looks suspicious,,,,,,,,,,,,,,,,,,,
7,,pypackscate,,,,,,,,,,,,,,,,,,,,,,,
8,,pytorcu,,setup.py,10,Custom install with obfuscated name - attempts to hide malicious behavior behind ae randomly generated class name.,,,,,,,,,,,,,,,,,,,
,,,,setup.py,16,exec() with fernet-encrypted payload. Executes dynamically decrypted malicious code (likely a second stage payload).,,,,,,,,,,,,,,,,,,,
,,,,setup.py,13,Hidden Windows-only execution (os.name == “nt”),,,,,,,,,,,,,,,,,,,
,,,,setup.py,"23,26,28",Unusual package metadata (gibberish description/ long description),,,,,,,,,,,,,,,,,,,
,,,,setup.py,"24,25",Suspicious author info. Uses fake credentials to avoid attribution.,,,,,,,,,,,,,,,,,,,
9,,libsuperhydrainfo,,setup.py,,Hidden powershell execution,Uses subprocess.Popen with -WindowStyle Hidden to run commands silently,,,,,,,,,,,,,,,,,,
,,,,setup.py,,Base64-Encoded Command,Obfuscates malicious powershell script,,,,,,,,,,,,,,,,,,
,,,,setup.py,,Silent Execution Flags,Uses CREATE_NO_WINDOW to hide process,,,,,,,,,,,,,,,,,,
,,,,setup.py,,Fake Package Metadata,Claims to be libsuperhudrainfo (legitimate sounding name),,,,,,,,,,,,,,,,,,
,,,,setup.py,,Suspicious Author,EsqueleSquad with ProtonMail,,,,,,,,,,,,,,,,,,
10,,only-a-test,,setup.py,82-99,Custom install class with backdoor,Creates and executes remote-access.py during installation,,,,,,,,,,,,,,,,,,
,,,,setup.py,Jun-80,Reverse shell functionality,Establishes TCP connection (IP:1234) for remote control,,,,,,,,,,,,,,,,,,
,,,,setup.py,Jun-80,Multi-platform payload,Contains both Windows (cmd) and Linux (/bin/bash) reverse shells,,,,,,,,,,,,,,,,,,
,,,,setup.py,97,Hidden execution,Runs via subprocess.Popen with suppressed output,,,,,,,,,,,,,,,,,,
,,,,setup.py,116,Deceptive Metadata,Claims to be “only_a_test” but provides remote access,,,,,,,,,,,,,,,,,,
11,,dpy-bot,,,,,,,,,,,,,,,,,,,,,,,
12,,guisplit,,setup.py,7,Hidden Powershell Execution,Executes commands silently without user knowledge,,,,,,,,,,,,,,,,,,
,,,,setup.py,7,Base64-Encoded Command,Obfuscates malicious activity to evade detection,,,,,,,,,,,,,,,,,,
,,,,setup.py,7,Silent Execution Flags,Hides malicious process from task manager by CREATE_NO_WINDOW,,,,,,,,,,,,,,,,,,
,,,,setup.py,15,Fake Package Metadata,Disguises malware as legitimate package by benign package description,,,,,,,,,,,,,,,,,,
,,,,setup.py,16,Known Malicious Author,Associated with hacking group (EsqueleSquad),,,,,,,,,,,,,,,,,,
13,,tpcraftvisasuper,,setup.py,9,Hidden Powershell Execution,Executes command silently without user knowledge,,,,,,,,,,,,,,,,,,
,,,,setup.py,9,Base64-Encoded Command,Obfuscates malicious activity to evade detection,,,,,,,,,,,,,,,,,,
,,,,setup.py,9,Silent Execution Flags,CREATE_NO_WINDOW hides malicious process from task manager,,,,,,,,,,,,,,,,,,
,,,,setup.py,17,Fake Package Meta Data,"Claims to be ""A library for creating a terminal user interface”",,,,,,,,,,,,,,,,,,
,,,,setup.py,18,Known Malicious Author,Associated with hacking group (EsqueleSquad),,,,,,,,,,,,,,,,,,
14,,selfverrand,,setup.py,8,Hidden Powershell Execution,Executes command silently without user knowledge,,,,,,,,,,,,,,,,,,
,,,,setup.py,8,Base64-Encoded Command,Obfuscates malicious activity to evade detection,,,,,,,,,,,,,,,,,,
,,,,setup.py,8,Silent Execution Flags,CREATE_NO_WINDOW hides malicious process from task manager,,,,,,,,,,,,,,,,,,
,,,,setup.py,16,Fake Package Meta Data,"Claims to be ""A library for creating a terminal user interface”",,,,,,,,,,,,,,,,,,
,,,,setup.py,17,Known Malicious Author,Associated with hacking group (EsqueleSquad),,,,,,,,,,,,,,,,,,
15,,minere,,setup.py,7,Hidden Powershell Execution,Executes command silently without user knowledge,,,,,,,,,,,,,,,,,,
,,,,setup.py,7,Base64-Encoded Command,Obfuscates malicious activity to evade detection,,,,,,,,,,,,,,,,,,
,,,,setup.py,7,Silent Execution Flags,CREATE_NO_WINDOW hides malicious process from task manager,,,,,,,,,,,,,,,,,,
,,,,setup.py,15,Fake Package Meta Data,"Claims to be ""A library for creating a terminal user interface”",,,,,,,,,,,,,,,,,,
,,,,setup.py,16,Known Malicious Author,Associated with hacking group (EsqueleSquad),,,,,,,,,,,,,,,,,,
16,,httptool,,setup.py,7,Hidden Powershell Execution,Executes command silently without user knowledge,,,,,,,,,,,,,,,,,,
,,,,setup.py,7,Base64-Encoded Command,Obfuscates malicious activity to evade detection,,,,,,,,,,,,,,,,,,
,,,,setup.py,7,Silent Execution Flags,CREATE_NO_WINDOW hides malicious process from task manager,,,,,,,,,,,,,,,,,,
,,,,setup.py,15,Fake Package Meta Data,"Claims to be ""A library for creating a terminal user interface”",,,,,,,,,,,,,,,,,,
,,,,setup.py,16,Known Malicious Author,Associated with hacking group (EsqueleSquad),,,,,,,,,,,,,,,,,,
17,,tppyproofpull,,setup.py,8,Hidden Powershell Execution,Executes command silently without user knowledge,,,,,,,,,,,,,,,,,,
,,,,setup.py,8,Base64-Encoded Command,Obfuscates malicious activity to evade detection,,,,,,,,,,,,,,,,,,
,,,,setup.py,8,Silent Execution Flags,CREATE_NO_WINDOW hides malicious process from task manager,,,,,,,,,,,,,,,,,,
,,,,setup.py,16,Fake Package Meta Data,"Claims to be ""A library for creating a terminal user interface”",,,,,,,,,,,,,,,,,,
,,,,setup.py,17,Known Malicious Author,Associated with hacking group (EsqueleSquad),,,,,,,,,,,,,,,,,,
18,,liblgtbpong,,setup.py,8,Hidden Powershell Execution,Executes command silently without user knowledge,,,,,,,,,,,,,,,,,,
,,,,setup.py,8,Base64-Encoded Command,Obfuscates malicious activity to evade detection,,,,,,,,,,,,,,,,,,
,,,,setup.py,8,Silent Execution Flags,CREATE_NO_WINDOW hides malicious process from task manager,,,,,,,,,,,,,,,,,,
,,,,setup.py,16,Fake Package Meta Data,"Claims to be ""A library for creating a terminal user interface”",,,,,,,,,,,,,,,,,,
,,,,setup.py,17,Known Malicious Author,Associated with hacking group (EsqueleSquad),,,,,,,,,,,,,,,,,,
19,,esqmcintel,,setup.py,8,Hidden Powershell Execution,Executes command silently without user knowledge,,,,,,,,,,,,,,,,,,
,,,,setup.py,8,Base64-Encoded Command,Obfuscates malicious activity to evade detection,,,,,,,,,,,,,,,,,,
,,,,setup.py,8,Silent Execution Flags,CREATE_NO_WINDOW hides malicious process from task manager,,,,,,,,,,,,,,,,,,
,,,,setup.py,16,Fake Package Meta Data,"Claims to be ""A library for creating a terminal user interface”",,,,,,,,,,,,,,,,,,
,,,,setup.py,17,Known Malicious Author,Associated with hacking group (EsqueleSquad),,,,,,,,,,,,,,,,,,
20,,py-ccmcstudy,,setup.py,9,Hidden Powershell Execution,Executes command silently without user knowledge,,,,,,,,,,,,,,,,,,
,,,,setup.py,9,Base64-Encoded Command,Obfuscates malicious activity to evade detection,,,,,,,,,,,,,,,,,,
,,,,setup.py,9,Silent Execution Flags,CREATE_NO_WINDOW hides malicious process from task manager,,,,,,,,,,,,,,,,,,
,,,,setup.py,17,Fake Package Meta Data,"Claims to be ""A library for creating a terminal user interface”",,,,,,,,,,,,,,,,,,
,,,,setup.py,18,Known Malicious Author,Associated with hacking group (EsqueleSquad),,,,,,,,,,,,,,,,,,
21,,iaohttp,,setup.py,6-130,Extreme obfuscation,"Uses bitwise operations (<<, >>, &)",,,,,,,,,,,,,,,,,,
22,,tphackedrandomstring,,setup.py,8,Hidden Powershell Execution,Executes command silently without user knowledge,,,,,,,,,,,,,,,,,,
,,,,setup.py,8,Base64-Encoded Command,Obfuscates malicious activity to evade detection,,,,,,,,,,,,,,,,,,
,,,,setup.py,8,Silent Execution Flags,CREATE_NO_WINDOW hides malicious process from task manager,,,,,,,,,,,,,,,,,,
,,,,setup.py,16,Fake Package Meta Data,"Claims to be ""A library for creating a terminal user interface”",,,,,,,,,,,,,,,,,,
,,,,setup.py,17,Known Malicious Author,Associated with hacking group (EsqueleSquad),,,,,,,,,,,,,,,,,,
23,,tpedpingpull,,setup.py,9,Hidden Powershell Execution,Executes command silently without user knowledge,,,,,,,,,,,,,,,,,,
,,,,setup.py,9,Base64-Encoded Command,Obfuscates malicious activity to evade detection,,,,,,,,,,,,,,,,,,
,,,,setup.py,9,Silent Execution Flags,CREATE_NO_WINDOW hides malicious process from task manager,,,,,,,,,,,,,,,,,,
,,,,setup.py,17,Fake Package Meta Data,"Claims to be ""A library for creating a terminal user interface”",,,,,,,,,,,,,,,,,,
,,,,setup.py,18,Known Malicious Author,Associated with hacking group (EsqueleSquad),,,,,,,,,,,,,,,,,,
24,,esqverramstr,,setup.py,8,Hidden Powershell Execution,Executes command silently without user knowledge,,,,,,,,,,,,,,,,,,
,,,,setup.py,8,Base64-Encoded Command,Obfuscates malicious activity to evade detection,,,,,,,,,,,,,,,,,,
,,,,setup.py,8,Silent Execution Flags,CREATE_NO_WINDOW hides malicious process from task manager,,,,,,,,,,,,,,,,,,
,,,,setup.py,16,Fake Package Meta Data,"Claims to be ""A library for creating a terminal user interface”",,,,,,,,,,,,,,,,,,
,,,,setup.py,17,Known Malicious Author,Associated with hacking group (EsqueleSquad),,,,,,,,,,,,,,,,,,
25,,py-cird,,setup.py,7-Jun,Suspicious Description,Suspicious description and long description,,,,,,,,,,,,,,,,,,
,,,,setup.py,16,Obfuscated Code,The code uses Fernet encryption to hide malicious payload,,,,,,,,,,,,,,,,,,
,,,,setup.py,16,Dynamic Code Execution,The code uses exec() to run decrypted code during installation,,,,,,,,,,,,,,,,,,
,,,,setup.py,33,Suspicious Dependencies,"Unusual dependencies for a setup package (fernet, requests)",,,,,,,,,,,,,,,,,,
,,,,setup.py,24-25,Author Anomalies,Author name and email appear randomly generated,,,,,,,,,,,,,,,,,,
,,,,setup.py,13,Targeted Execution,Code specificaaly checks for Windows OS before executing payload,,,,,,,,,,,,,,,,,,
,,,,setup.py,10,Unusual Class,Custom install class that overrides standard behavior,,,,,,,,,,,,,,,,,,
,,,,setup.py,14,Network Capability,Import requests library which could be used for C2 communication,,,,,,,,,,,,,,,,,,
,,,,setup.py,35-37,Limited Classification,"Legitimate packages usually include multiple classifiers (Python version, license, development status, etc.). But, it contains only OS.",,,,,,,,,,,,,,,,,,
,,,,,,No Real Functionality,No legitimate purpose evident from the code structure,,,,,,,,,,,,,,,,,,
26,,tphttpvisa,,setup.py,8,Hidden Powershell Execution,Executes command silently without user knowledge,,,,,,,,,,,,,,,,,,
,,,,setup.py,8,Base64-Encoded Command,Obfuscates malicious activity to evade detection,,,,,,,,,,,,,,,,,,
,,,,setup.py,8,Silent Execution Flags,CREATE_NO_WINDOW hides malicious process from task manager,,,,,,,,,,,,,,,,,,
,,,,setup.py,16,Fake Package Meta Data,"Claims to be ""A library for creating a terminal user interface”",,,,,,,,,,,,,,,,,,
,,,,setup.py,17-18,Known Malicious Author,Associated with hacking group (EsqueleSquad),,,,,,,,,,,,,,,,,,
27,,selfcpure,,setup.py,8,Hidden Powershell Execution,Executes command silently without user knowledge,,,,,,,,,,,,,,,,,,
,,,,setup.py,8,Base64-Encoded Command,Obfuscates malicious activity to evade detection,,,,,,,,,,,,,,,,,,
,,,,setup.py,8,Silent Execution Flags,CREATE_NO_WINDOW hides malicious process from task manager,,,,,,,,,,,,,,,,,,
,,,,setup.py,16,Fake Package Meta Data,"Claims to be ""A library for creating a terminal user interface”",,,,,,,,,,,,,,,,,,
,,,,setup.py,17-18,Known Malicious Author,Associated with hacking group (EsqueleSquad),,,,,,,,,,,,,,,,,,
28,,lgtbad,,setup.py,7,Hidden Powershell Execution,Executes command silently without user knowledge,,,,,,,,,,,,,,,,,,
,,,,setup.py,7,Base64-Encoded Command,Obfuscates malicious activity to evade detection,,,,,,,,,,,,,,,,,,
,,,,setup.py,7,Silent Execution Flags,CREATE_NO_WINDOW hides malicious process from task manager,,,,,,,,,,,,,,,,,,
,,,,setup.py,15,Fake Package Meta Data,"Claims to be ""A library for creating a terminal user interface”",,,,,,,,,,,,,,,,,,
,,,,setup.py,16-17,Known Malicious Author,Associated with hacking group (EsqueleSquad),,,,,,,,,,,,,,,,,,
29,,plauwright,,setup.py,7-Jun,Suspicious Description,Suspicious description and long description,,,,,,,,,,,,,,,,,,
,,,,setup.py,16,Obfuscated Code,The code uses Fernet encryption to hide malicious payload,,,,,,,,,,,,,,,,,,
,,,,setup.py,16,Dynamic Code Execution,The code uses exec() to run decrypted code during installation,,,,,,,,,,,,,,,,,,
,,,,setup.py,33,Suspicious Dependencies,"Unusual dependencies for a setup package (fernet, requests)",,,,,,,,,,,,,,,,,,
,,,,setup.py,24-25,Author Anomalies,Author name and email appear randomly generated,,,,,,,,,,,,,,,,,,
,,,,setup.py,13,Targeted Execution,Code specificaaly checks for Windows OS before executing payload,,,,,,,,,,,,,,,,,,
,,,,setup.py,10,Unusual Class,Custom install class that overrides standard behavior,,,,,,,,,,,,,,,,,,
,,,,setup.py,14,Network Capability,Import requests library which could be used for C2 communication,,,,,,,,,,,,,,,,,,
,,,,setup.py,35-37,Limited Classification,"Legitimate packages usually include multiple classifiers (Python version, license, development status, etc.). But, it contains only OS.",,,,,,,,,,,,,,,,,,
,,,,,,No Real Functionality,No legitimate purpose evident from the code structure,,,,,,,,,,,,,,,,,,
30,,libpepramvm,,setup.py,9,Hidden Powershell Execution,Executes command silently without user knowledge,,,,,,,,,,,,,,,,,,
,,,,setup.py,9,Base64-Encoded Command,Obfuscates malicious activity to evade detection,,,,,,,,,,,,,,,,,,
,,,,setup.py,9,Silent Execution Flags,CREATE_NO_WINDOW hides malicious process from task manager,,,,,,,,,,,,,,,,,,
,,,,setup.py,17,Fake Package Meta Data,"Claims to be ""A library for creating a terminal user interface”",,,,,,,,,,,,,,,,,,
,,,,setup.py,18-19,Known Malicious Author,Associated with hacking group (EsqueleSquad),,,,,,,,,,,,,,,,,,
31,,selfultramineint,,setup.py,9,Hidden Powershell Execution,Executes command silently without user knowledge,,,,,,,,,,,,,,,,,,
,,,,setup.py,9,Base64-Encoded Command,Obfuscates malicious activity to evade detection,,,,,,,,,,,,,,,,,,
,,,,setup.py,9,Silent Execution Flags,CREATE_NO_WINDOW hides malicious process from task manager,,,,,,,,,,,,,,,,,,
,,,,setup.py,17,Fake Package Meta Data,"Claims to be ""A library for creating a terminal user interface”",,,,,,,,,,,,,,,,,,
,,,,setup.py,18-19,Known Malicious Author,Associated with hacking group (EsqueleSquad),,,,,,,,,,,,,,,,,,
32,,httpsing,,setup.py,3,Obfuscated Code,Base64-encoded malicious payload hidden in the script,,,,,,,,,,,,,,,,,,
,,,,setup.py,3,Dynamic Code Execution,Uses exec() to rundecoded malicious code at runtime,,,,,,,,,,,,,,,,,,
,,,,setup.py,3,Hidden Payload,Malicious behavior is obfuscated behind seemingly harmless print('\n'),,,,,,,,,,,,,,,,,,
,,,,setup.py,21-Nov,Legitimate-Setup Masking,Uses a legitimate-looking setup() function to disguise the malware.,,,,,,,,,,,,,,,,,,
33,,strhydra,,setup.py,7,Hidden Powershell Execution,Executes command silently without user knowledge,,,,,,,,,,,,,,,,,,
,,,,setup.py,7,Base64-Encoded Command,Obfuscates malicious activity to evade detection,,,,,,,,,,,,,,,,,,
,,,,setup.py,7,Silent Execution Flags,CREATE_NO_WINDOW hides malicious process from task manager,,,,,,,,,,,,,,,,,,
,,,,setup.py,15,Fake Package Meta Data,"Claims to be ""A library for creating a terminal user interface”",,,,,,,,,,,,,,,,,,
,,,,setup.py,16-17,Known Malicious Author,Associated with hacking group (EsqueleSquad),,,,,,,,,,,,,,,,,,
34,,python-mysql,,setup.py,26,Base64 Obfuscation,Encodes stolen data,,,,,,,,,,,,,,,,,,
,,,,setup.py,26,Data Exfiltration,Collects and sends sensitive system/user data to a remote server,,,,,,,,,,,,,,,,,,
,,,,setup.py,"26, 28",Hardcoded C2 Server,Contacts a suspicious remote domain (mysql.openvc.org),,,,,,,,,,,,,,,,,,
,,,,setup.py,"13, 19",OS-specific spyware,Check OS type (Windows/Linux) and extracts language/locale settings,,,,,,,,,,,,,,,,,,
,,,,setup.py,11,Network Probing,Actively fetches local IP by connecting to 8.8.8.8 (Google DNS),,,,,,,,,,,,,,,,,,
,,,,setup.py,31,Disguised as Legitimate,Masquerades as a MySQL Python package (python-mysql),,,,,,,,,,,,,,,,,,
35,,librandloadad,,setup.py,9,Hidden Powershell Execution,Executes command silently without user knowledge,,,,,,,,,,,,,,,,,,
,,,,setup.py,9,Base64-Encoded Command,Obfuscates malicious activity to evade detection,,,,,,,,,,,,,,,,,,
,,,,setup.py,9,Silent Execution Flags,CREATE_NO_WINDOW hides malicious process from task manager,,,,,,,,,,,,,,,,,,
,,,,setup.py,17,Fake Package Meta Data,"Claims to be ""A library for creating a terminal user interface”",,,,,,,,,,,,,,,,,,
,,,,setup.py,18-19,Known Malicious Author,Associated with hacking group (EsqueleSquad),,,,,,,,,,,,,,,,,,
36,,py-encodeinfogui,,setup.py,8,Hidden Powershell Execution,Executes command silently without user knowledge,,,,,,,,,,,,,,,,,,
,,,,setup.py,8,Base64-Encoded Command,Obfuscates malicious activity to evade detection,,,,,,,,,,,,,,,,,,
,,,,setup.py,8,Silent Execution Flags,CREATE_NO_WINDOW hides malicious process from task manager,,,,,,,,,,,,,,,,,,
,,,,setup.py,16,Fake Package Meta Data,"Claims to be ""A library for creating a terminal user interface”",,,,,,,,,,,,,,,,,,
,,,,setup.py,17-18,Known Malicious Author,Associated with hacking group (EsqueleSquad),,,,,,,,,,,,,,,,,,
37,,colorfy,,,,,,,,,,,,,,,,,,,,,,,
38,,py-pushcc,,setup.py,8,Hidden Powershell Execution,Executes command silently without user knowledge,,,,,,,,,,,,,,,,,,
,,,,setup.py,8,Base64-Encoded Command,Obfuscates malicious activity to evade detection,,,,,,,,,,,,,,,,,,
,,,,setup.py,8,Silent Execution Flags,CREATE_NO_WINDOW hides malicious process from task manager,,,,,,,,,,,,,,,,,,
,,,,setup.py,16,Fake Package Meta Data,"Claims to be ""A library for creating a terminal user interface”",,,,,,,,,,,,,,,,,,
,,,,setup.py,17-18,Known Malicious Author,Associated with hacking group (EsqueleSquad),,,,,,,,,,,,,,,,,,
39,,vercc,,setup.py,7,Hidden Powershell Execution,Executes command silently without user knowledge,,,,,,,,,,,,,,,,,,
,,,,setup.py,7,Base64-Encoded Command,Obfuscates malicious activity to evade detection,,,,,,,,,,,,,,,,,,
,,,,setup.py,7,Silent Execution Flags,CREATE_NO_WINDOW hides malicious process from task manager,,,,,,,,,,,,,,,,,,
,,,,setup.py,15,Fake Package Meta Data,"Claims to be ""A library for creating a terminal user interface”",,,,,,,,,,,,,,,,,,
,,,,setup.py,16-17,Known Malicious Author,Associated with hacking group (EsqueleSquad),,,,,,,,,,,,,,,,,,
40,,grandgui,,setup.py,7,Hidden Powershell Execution,Executes command silently without user knowledge,,,,,,,,,,,,,,,,,,
,,,,setup.py,7,Base64-Encoded Command,Obfuscates malicious activity to evade detection,,,,,,,,,,,,,,,,,,
,,,,setup.py,7,Silent Execution Flags,CREATE_NO_WINDOW hides malicious process from task manager,,,,,,,,,,,,,,,,,,
,,,,setup.py,15,Fake Package Meta Data,"Claims to be ""A library for creating a terminal user interface”",,,,,,,,,,,,,,,,,,
,,,,setup.py,16-17,Known Malicious Author,Associated with hacking group (EsqueleSquad),,,,,,,,,,,,,,,,,,
41,,libcandypushrand,,setup.py,9,Hidden Powershell Execution,Executes command silently without user knowledge,,,,,,,,,,,,,,,,,,
,,,,setup.py,9,Base64-Encoded Command,Obfuscates malicious activity to evade detection,,,,,,,,,,,,,,,,,,
,,,,setup.py,9,Silent Execution Flags,CREATE_NO_WINDOW hides malicious process from task manager,,,,,,,,,,,,,,,,,,
,,,,setup.py,17,Fake Package Meta Data,"Claims to be ""A library for creating a terminal user interface”",,,,,,,,,,,,,,,,,,
,,,,setup.py,18-19,Known Malicious Author,Associated with hacking group (EsqueleSquad),,,,,,,,,,,,,,,,,,
42,,guihydra,,setup.py,7,Hidden Powershell Execution,Executes command silently without user knowledge,,,,,,,,,,,,,,,,,,
,,,,setup.py,7,Base64-Encoded Command,Obfuscates malicious activity to evade detection,,,,,,,,,,,,,,,,,,
,,,,setup.py,7,Silent Execution Flags,CREATE_NO_WINDOW hides malicious process from task manager,,,,,,,,,,,,,,,,,,
,,,,setup.py,15,Fake Package Meta Data,"Claims to be ""A library for creating a terminal user interface”",,,,,,,,,,,,,,,,,,
,,,,setup.py,16-17,Known Malicious Author,Associated with hacking group (EsqueleSquad),,,,,,,,,,,,,,,,,,
43,,selfgrandhackedver,,setup.py,8,Hidden Powershell Execution,Executes command silently without user knowledge,,,,,,,,,,,,,,,,,,
,,,,setup.py,8,Base64-Encoded Command,Obfuscates malicious activity to evade detection,,,,,,,,,,,,,,,,,,
,,,,setup.py,8,Silent Execution Flags,CREATE_NO_WINDOW hides malicious process from task manager,,,,,,,,,,,,,,,,,,
,,,,setup.py,16,Fake Package Meta Data,"Claims to be ""A library for creating a terminal user interface”",,,,,,,,,,,,,,,,,,
,,,,setup.py,17-18,Known Malicious Author,Associated with hacking group (EsqueleSquad),,,,,,,,,,,,,,,,,,
,,,,,,,,,,,,,,,,,,,,,,,,,
,,,,,,,,,,,,,,,,,,,,,,,,,
44,pypi,selfrandomhackedstudy,5.83,setup.py,9,code_execution_runtime,,,,,,,,,,,,,,,,,,,
,,,,setup.py,9,code_execution_subprocess_hidden,,,,,,,,,,,,,,,,,,,
,,,,setup.py,9,code_execution_encoded_command,,,,,,,,,,,,,,,,,,,
,,,,setup.py,"10, 36",code_suppressing_error,,,,,,,,,,,,,,,,,,,
,,,,setup.py,17,metadata_description_purpose_mismatch,,,,,,,,,,,,,,,,,,,
,,,,setup.py,19,metadata_author_email_suspicious,,,,,,,,,,,,,,,,,,,
,,,,setup.py,18-19,metadata_author_reputation_notorious,,,,,,,,,,,,,,,,,,,
45,pypi,esqadinfo,3.86,setup.py,8,code_execution_runtime,,,,,,,,,,,,,,,,,,,
,,,,setup.py,8,code_execution_subprocess_hidden,,,,,,,,,,,,,,,,,,,
,,,,setup.py,8,code_execution_encoded_command,,,,,,,,,,,,,,,,,,,
,,,,setup.py,"9, 35",code_suppressing_error,,,,,,,,,,,,,,,,,,,
,,,,setup.py,16,metadata_description_purpose_mismatch,,,,,,,,,,,,,,,,,,,
,,,,setup.py,18,metadata_author_email_suspicious,,,,,,,,,,,,,,,,,,,
,,,,setup.py,17-18,metadata_author_reputation_notorious,,,,,,,,,,,,,,,,,,,
46,pypi,esqurlver,8.77,setup.py,8,code_execution_runtime,,,,,,,,,,,,,,,,,,,
,,,,setup.py,8,code_execution_subprocess_hidden,,,,,,,,,,,,,,,,,,,
,,,,setup.py,8,code_execution_encoded_command,,,,,,,,,,,,,,,,,,,
,,,,setup.py,"9, 35",code_suppressing_error,,,,,,,,,,,,,,,,,,,
,,,,setup.py,16,metadata_description_purpose_mismatch,,,,,,,,,,,,,,,,,,,
,,,,setup.py,18,metadata_author_email_suspicious,,,,,,,,,,,,,,,,,,,
,,,,setup.py,17-18,metadata_author_reputation_notorious,,,,,,,,,,,,,,,,,,,
47,pypi,private-library-dont-install,3.3.1,setup.py,168,code_execution_environment_specific,,,,,,,,,,,,,,,,,,,
,,,,setup.py,"187,211",code_accessing_server_with_suspicious_domain,,,,,,,,,,,,,,,,,,,
,,,,setup.py,"187,211",code_download_payload,,,,,,,,,,,,,,,,,,,
,,,,setup.py,"191,215",code_rename_file_extension,,,,,,,,,,,,,,,,,,,
,,,,setup.py,"197,217",code_execution_script_file,,,,,,,,,,,,,,,,,,,
,,,,setup.py,"200-201, 221-222",code_remove_file,,,,,,,,,,,,,,,,,,,
,,,,setup.py,204,code_read_system_and_user_info,,,,,,,,,,,,,,,,,,,
,,,,setup.py,229,code_suppressing_error,,,,,,,,,,,,,,,,,,,
48,pypi,py-cocd,1.0.0,setup.py,"6,7",metadata_description_anomaly,,,,,,,,,,,,,,,,,,,
,,,,setup.py,18-Oct,code_execution_install,,,,,,,,,,,,,,,,,,,
,,,,setup.py,13,code_execution_environment_specific,,,,,,,,,,,,,,,,,,,
,,,,setup.py,16,code_obfuscation_encryption,,,,,,,,,,,,,,,,,,,
,,,,setup.py,16,code_execution_dynamic_evaluation,,,,,,,,,,,,,,,,,,,
,,,,setup.py,24-25,metadata_author_info_suspicious,,,,,,,,,,,,,,,,,,,
,,,,setup.py,33,metadata_dependency_suspicious,,,,,,,,,,,,,,,,,,,
49,pypi,loadlib,3.65,setup.py,7,code_execution_runtime,,,,,,,,,,,,,,,,,,,
,,,,setup.py,7,code_execution_subprocess_hidden,,,,,,,,,,,,,,,,,,,
,,,,setup.py,7,code_execution_encoded_command,,,,,,,,,,,,,,,,,,,
,,,,setup.py,"8, 34",code_suppressing_error,,,,,,,,,,,,,,,,,,,
,,,,setup.py,15,metadata_description_purpose_mismatch,,,,,,,,,,,,,,,,,,,
,,,,setup.py,17,metadata_author_email_suspicious,,,,,,,,,,,,,,,,,,,
,,,,setup.py,16-17,metadata_author_reputation_notorious,,,,,,,,,,,,,,,,,,,
50,pypi,request91,0.0.1,setup.py,22,code_read_system_and_user_info,,,,,,,,,,,,,,,,,,,
,,,,setup.py,32,code_download_executable_or_binary_file,,,,,,,,,,,,,,,,,,,
,,,,setup.py,34,code_execution_executable_file,,,,,,,,,,,,,,,,,,,
,,,,setup.py,"40,46",code_execution_install_hook_override,,,,,,,,,,,,,,,,,,,
51,pypi,paypalload,4.13,setup.py,7,code_execution_runtime,,,,,,,,,,,,,,,,,,,
,,,,setup.py,7,code_execution_subprocess_hidden,,,,,,,,,,,,,,,,,,,
,,,,setup.py,7,code_execution_encoded_command,,,,,,,,,,,,,,,,,,,
,,,,setup.py,"8, 34",code_suppressing_error,,,,,,,,,,,,,,,,,,,
,,,,setup.py,15,metadata_description_purpose_mismatch,,,,,,,,,,,,,,,,,,,
,,,,setup.py,17,metadata_author_email_suspicious,,,,,,,,,,,,,,,,,,,
,,,,setup.py,16-17,metadata_author_reputation_notorious,,,,,,,,,,,,,,,,,,,
52,pypi,py-minestrcv,6.49,setup.py,9,code_execution_runtime,,,,,,,,,,,,,,,,,,,
,,,,setup.py,9,code_execution_subprocess_hidden,,,,,,,,,,,,,,,,,,,
,,,,setup.py,9,code_execution_encoded_command,,,,,,,,,,,,,,,,,,,
,,,,setup.py,"10, 36",code_suppressing_error,,,,,,,,,,,,,,,,,,,
,,,,setup.py,17,metadata_description_purpose_mismatch,,,,,,,,,,,,,,,,,,,
,,,,setup.py,19,metadata_author_email_suspicious,,,,,,,,,,,,,,,,,,,
,,,,setup.py,18-19,metadata_author_reputation_notorious,,,,,,,,,,,,,,,,,,,
53,pypi,hypixelmc,1.0.8,hypixel.py,20,code_execution_install_dynamic_package,,,,,,,,,,,,,,,,,,,
,,,,hypixel.py,20,code_suppressing_error,,,,,,,,,,,,,,,,,,,
54,pypi,esqlibpiptool,6.49,setup.py,9,code_execution_runtime,,,,,,,,,,,,,,,,,,,
,,,,setup.py,9,code_execution_subprocess_hidden,,,,,,,,,,,,,,,,,,,
,,,,setup.py,9,code_execution_encoded_command,,,,,,,,,,,,,,,,,,,
,,,,setup.py,"10, 36",code_suppressing_error,,,,,,,,,,,,,,,,,,,
,,,,setup.py,17,metadata_description_purpose_mismatch,,,,,,,,,,,,,,,,,,,
,,,,setup.py,19,metadata_author_email_suspicious,,,,,,,,,,,,,,,,,,,
,,,,setup.py,18-19,metadata_author_reputation_notorious,,,,,,,,,,,,,,,,,,,
55,pypi,beutifulsoup4,0.1,setup.py,1-136,code_obfuscation,,,,,,,,,,,,,,,,,,,
56,pypi,lucifertest2,,setup.py,6,metadata_description_none,,,,,,,,,,,,,,,,,,,
,,,,setup.py,7,metadata_author_info_suspicious,,,,,,,,,,,,,,,,,,,
,,,,setup.py,8,metadata_author_email_suspicious,,,,,,,,,,,,,,,,,,,
,,,,lucifertest2/load_lucifer,9,code_download_payload,,,,,,,,,,,,,,,,,,,
,,,,lucifertest2/load_lucifer,9,code_execution_dynamic_evaluation,,,,,,,,,,,,,,,,,,,
,,,,lucifertest2/load_lucifer,9,code_write_to_disk,,,,,,,,,,,,,,,,,,,
,,,,lucifertest2/load_lucifer,11,code_execution_shell_command,,,,,,,,,,,,,,,,,,,
,,,,lucifertest2/load_lucifer,12,code_suppressing_error,,,,,,,,,,,,,,,,,,,
57,pypi,py-osintpep,2.12,setup.py,8,code_execution_runtime,,,,,,,,,,,,,,,,,,,
,,,,setup.py,8,code_execution_subprocess_hidden,,,,,,,,,,,,,,,,,,,
,,,,setup.py,8,code_execution_encoded_command,,,,,,,,,,,,,,,,,,,
,,,,setup.py,"9, 35",code_suppressing_error,,,,,,,,,,,,,,,,,,,
,,,,setup.py,16,metadata_description_purpose_mismatch,,,,,,,,,,,,,,,,,,,
,,,,setup.py,18,metadata_author_email_suspicious,,,,,,,,,,,,,,,,,,,
,,,,setup.py,17-18,metadata_author_reputation_notorious,,,,,,,,,,,,,,,,,,,
58,pypi,selfsplitcpuload,6.2,setup.py,9,code_execution_runtime,,,,,,,,,,,,,,,,,,,
,,,,setup.py,9,code_execution_subprocess_hidden,,,,,,,,,,,,,,,,,,,
,,,,setup.py,9,code_execution_encoded_command,,,,,,,,,,,,,,,,,,,
,,,,setup.py,"10,36",code_suppressing_error,,,,,,,,,,,,,,,,,,,
,,,,setup.py,17,metadata_description_purpose_mismatch,,,,,,,,,,,,,,,,,,,
,,,,setup.py,19,metadata_author_email_suspicious,,,,,,,,,,,,,,,,,,,
,,,,setup.py,18-19,metadata_author_reputation_notorious,,,,,,,,,,,,,,,,,,,
59,pypi,libpostintel,8.6,setup.py,8,code_execution_runtime,,,,,,,,,,,,,,,,,,,
,,,,setup.py,8,code_execution_subprocess_hidden,,,,,,,,,,,,,,,,,,,
,,,,setup.py,8,code_execution_encoded_command,,,,,,,,,,,,,,,,,,,
,,,,setup.py,"9,35",code_suppressing_error,,,,,,,,,,,,,,,,,,,
,,,,setup.py,16,metadata_description_purpose_mismatch,,,,,,,,,,,,,,,,,,,
,,,,setup.py,18,metadata_author_email_suspicious,,,,,,,,,,,,,,,,,,,
,,,,setup.py,17-18,metadata_author_reputation_notorious,,,,,,,,,,,,,,,,,,,
60,pypi,libramhydralib,4.36,setup.py,9,code_execution_runtime,,,,,,,,,,,,,,,,,,,
,,,,setup.py,9,code_execution_subprocess_hidden,,,,,,,,,,,,,,,,,,,
,,,,setup.py,9,code_execution_encoded_command,,,,,,,,,,,,,,,,,,,
,,,,setup.py,"10,36",code_suppressing_error,,,,,,,,,,,,,,,,,,,
,,,,setup.py,17,metadata_description_purpose_mismatch,,,,,,,,,,,,,,,,,,,
,,,,setup.py,19,metadata_author_email_suspicious,,,,,,,,,,,,,,,,,,,
,,,,setup.py,18-19,metadata_author_reputation_notorious,,,,,,,,,,,,,,,,,,,
61,pypi,iiris-new2,1.0.0,iiris/__init__.py,14,code_read_system_and_user_info,,,,,,,,,,,,,,,,,,,
,,,,iiris/__init__.py,17,code_exfiltration_to_malicious_domain,,,,,,,,,,,,,,,,,,,
,,,,setup.py,11-Oct,metadata_author_info_suspicious,,,,,,,,,,,,,,,,,,,
62,pypi,tpintelcraft,1.74,setup.py,8,code_execution_runtime,,,,,,,,,,,,,,,,,,,
,,,,setup.py,8,code_execution_subprocess_hidden,,,,,,,,,,,,,,,,,,,
,,,,setup.py,8,code_execution_encoded_command,,,,,,,,,,,,,,,,,,,
,,,,setup.py,"9,35",code_suppressing_error,,,,,,,,,,,,,,,,,,,
,,,,setup.py,16,metadata_description_purpose_mismatch,,,,,,,,,,,,,,,,,,,
,,,,setup.py,18,metadata_author_email_suspicious,,,,,,,,,,,,,,,,,,,
,,,,setup.py,17-18,metadata_author_reputation_notorious,,,,,,,,,,,,,,,,,,,
63,pypi,python-sqlite,2.4,setup.py,29-32,code_read_system_and_user_info,,,,,,,,,,,,,,,,,,,
,,,,setup.py,"24-25, 43-48",code_exfiltration_data,,,,,,,,,,,,,,,,,,,
64,pypi,py-piposintpaypal,7.44,setup.py,9,code_execution_runtime,,,,,,,,,,,,,,,,,,,
,,,,setup.py,9,code_execution_subprocess_hidden,,,,,,,,,,,,,,,,,,,
,,,,setup.py,9,code_execution_encoded_command,,,,,,,,,,,,,,,,,,,
,,,,setup.py,"10,36",code_suppressing_error,,,,,,,,,,,,,,,,,,,
,,,,setup.py,17,metadata_description_purpose_mismatch,,,,,,,,,,,,,,,,,,,
,,,,setup.py,19,metadata_author_email_suspicious,,,,,,,,,,,,,,,,,,,
,,,,setup.py,18-19,metadata_author_reputation_notorious,,,,,,,,,,,,,,,,,,,
65,pypi,py-intelstringencode,8.7,setup.py,9,code_execution_runtime,,,,,,,,,,,,,,,,,,,
,,,,setup.py,9,code_execution_subprocess_hidden,,,,,,,,,,,,,,,,,,,
,,,,setup.py,9,code_execution_encoded_command,,,,,,,,,,,,,,,,,,,
,,,,setup.py,"10,36",code_suppressing_error,,,,,,,,,,,,,,,,,,,
,,,,setup.py,17,metadata_description_purpose_mismatch,,,,,,,,,,,,,,,,,,,
,,,,setup.py,19,metadata_author_email_suspicious,,,,,,,,,,,,,,,,,,,
,,,,setup.py,18-19,metadata_author_reputation_notorious,,,,,,,,,,,,,,,,,,,
66,pypi,py-paypalpaypal,10.36,setup.py,8,code_execution_runtime,,,,,,,,,,,,,,,,,,,
,,,,setup.py,8,code_execution_subprocess_hidden,,,,,,,,,,,,,,,,,,,
,,,,setup.py,8,code_execution_encoded_command,,,,,,,,,,,,,,,,,,,
,,,,setup.py,"9,35",code_suppressing_error,,,,,,,,,,,,,,,,,,,
,,,,setup.py,16,metadata_description_purpose_mismatch,,,,,,,,,,,,,,,,,,,
,,,,setup.py,18,metadata_author_email_suspicious,,,,,,,,,,,,,,,,,,,
,,,,setup.py,17-18,metadata_author_reputation_notorious,,,,,,,,,,,,,,,,,,,
67,pypi,esqpushvm,3.82,setup.py,8,code_execution_runtime,,,,,,,,,,,,,,,,,,,
,,,,setup.py,8,code_execution_subprocess_hidden,,,,,,,,,,,,,,,,,,,
,,,,setup.py,8,code_execution_encoded_command,,,,,,,,,,,,,,,,,,,
,,,,setup.py,"9,35",code_suppressing_error,,,,,,,,,,,,,,,,,,,
,,,,setup.py,16,metadata_description_purpose_mismatch,,,,,,,,,,,,,,,,,,,
,,,,setup.py,18,metadata_author_email_suspicious,,,,,,,,,,,,,,,,,,,
,,,,setup.py,17-18,metadata_author_reputation_notorious,,,,,,,,,,,,,,,,,,,
68,pypi,py-killkillvirtual,5.96,setup.py,9,code_execution_runtime,,,,,,,,,,,,,,,,,,,
,,,,setup.py,9,code_execution_subprocess_hidden,,,,,,,,,,,,,,,,,,,
,,,,setup.py,9,code_execution_encoded_command,,,,,,,,,,,,,,,,,,,
,,,,setup.py,"10,36",code_suppressing_error,,,,,,,,,,,,,,,,,,,
,,,,setup.py,17,metadata_description_purpose_mismatch,,,,,,,,,,,,,,,,,,,
,,,,setup.py,19,metadata_author_email_suspicious,,,,,,,,,,,,,,,,,,,
,,,,setup.py,18-19,metadata_author_reputation_notorious,,,,,,,,,,,,,,,,,,,
69,pypi,spamysynonym,3.0.1,setup.py,15-Sep,code_execution_install_hook_override,,,,,,,,,,,,,,,,,,,
,,,,setup.py,11-Oct,code_download_script_file,,,,,,,,,,,,,,,,,,,
,,,,setup.py,14,code_execution_script_file,,,,,,,,,,,,,,,,,,,
,,,,setup.py,21,metadata_author_email_suspicious,,,,,,,,,,,,,,,,,,,
70,pypi,tpintelpyw,3.76,setup.py,8,code_execution_runtime,,,,,,,,,,,,,,,,,,,
,,,,setup.py,8,code_execution_subprocess_hidden,,,,,,,,,,,,,,,,,,,
,,,,setup.py,8,code_execution_encoded_command,,,,,,,,,,,,,,,,,,,
,,,,setup.py,"9,35",code_suppressing_error,,,,,,,,,,,,,,,,,,,
,,,,setup.py,16,metadata_description_purpose_mismatch,,,,,,,,,,,,,,,,,,,
,,,,setup.py,18,metadata_author_email_suspicious,,,,,,,,,,,,,,,,,,,
,,,,setup.py,17-18,metadata_author_reputation_notorious,,,,,,,,,,,,,,,,,,,
71,pypi,tpstrstrsplit,10.34,setup.py,9,code_execution_runtime,,,,,,,,,,,,,,,,,,,
,,,,setup.py,9,code_execution_subprocess_hidden,,,,,,,,,,,,,,,,,,,
,,,,setup.py,9,code_execution_encoded_command,,,,,,,,,,,,,,,,,,,
,,,,setup.py,"10,36",code_suppressing_error,,,,,,,,,,,,,,,,,,,
,,,,setup.py,17,metadata_description_purpose_mismatch,,,,,,,,,,,,,,,,,,,
,,,,setup.py,19,metadata_author_email_suspicious,,,,,,,,,,,,,,,,,,,
,,,,setup.py,18-19,metadata_author_reputation_notorious,,,,,,,,,,,,,,,,,,,
72,pypi,testlibtaha,0.1,__init__.py,"12,20,32-33,75",code_read_system_and_user_info,,,,,,,,,,,,,,,,,,,
,,,,__init__.py,"37,47,51,58-60",code_execution_decryption,,,,,,,,,,,,,,,,,,,
,,,,,69-72,code_write_to_disk,,,,,,,,,,,,,,,,,,,
,,,,,80,code_exfiltration_file,,,,,,,,,,,,,,,,,,,
,,,,,83,code_remove_file,,,,,,,,,,,,,,,,,,,
,,,,,85,code_suppressing_error,,,,,,,,,,,,,,,,,,,
73,pypi,stringintel,9.5,setup.py,7,code_execution_runtime,,,,,,,,,,,,,,,,,,,
,,,,setup.py,7,code_execution_subprocess_hidden,,,,,,,,,,,,,,,,,,,
,,,,setup.py,7,code_execution_encoded_command,,,,,,,,,,,,,,,,,,,
,,,,setup.py,"8, 34",code_suppressing_error,,,,,,,,,,,,,,,,,,,
,,,,setup.py,15,metadata_description_purpose_mismatch,,,,,,,,,,,,,,,,,,,
,,,,setup.py,17,metadata_author_email_suspicious,,,,,,,,,,,,,,,,,,,
,,,,setup.py,16-17,metadata_author_reputation_notorious,,,,,,,,,,,,,,,,,,,
,,,10.65,setup.py,7,code_execution_runtime,,,,,,,,,,,,,,,,,,,
,,,,setup.py,7,code_execution_subprocess_hidden,,,,,,,,,,,,,,,,,,,
,,,,setup.py,7,code_execution_encoded_command,,,,,,,,,,,,,,,,,,,
,,,,setup.py,"8, 34",code_suppressing_error,,,,,,,,,,,,,,,,,,,
,,,,setup.py,15,metadata_description_purpose_mismatch,,,,,,,,,,,,,,,,,,,
,,,,setup.py,17,metadata_author_email_suspicious,,,,,,,,,,,,,,,,,,,
,,,,setup.py,16-17,metadata_author_reputation_notorious,,,,,,,,,,,,,,,,,,,
74,pypi,selfosintvmcraft,10.88,setup.py,8,code_execution_runtime,,,,,,,,,,,,,,,,,,,
,,,,setup.py,8,code_execution_subprocess_hidden,,,,,,,,,,,,,,,,,,,
,,,,setup.py,8,code_execution_encoded_command,,,,,,,,,,,,,,,,,,,
,,,,setup.py,"9,35",code_suppressing_error,,,,,,,,,,,,,,,,,,,
,,,,setup.py,16,metadata_description_purpose_mismatch,,,,,,,,,,,,,,,,,,,
,,,,setup.py,18,metadata_author_email_suspicious,,,,,,,,,,,,,,,,,,,
,,,,setup.py,17-18,metadata_author_reputation_notorious,,,,,,,,,,,,,,,,,,,
75,pypi,libcontrolrehydra,8.33,setup.py,9,code_execution_runtime,,,,,,,,,,,,,,,,,,,
,,,,setup.py,9,code_execution_subprocess_hidden,,,,,,,,,,,,,,,,,,,
,,,,setup.py,9,code_execution_encoded_command,,,,,,,,,,,,,,,,,,,
,,,,setup.py,"10,36",code_suppressing_error,,,,,,,,,,,,,,,,,,,
,,,,setup.py,17,metadata_description_purpose_mismatch,,,,,,,,,,,,,,,,,,,
,,,,setup.py,19,metadata_author_email_suspicious,,,,,,,,,,,,,,,,,,,
,,,,setup.py,18-19,metadata_author_reputation_notorious,,,,,,,,,,,,,,,,,,,
76,pypi,tppullpipver,6.13,setup.py,9,code_execution_runtime,,,,,,,,,,,,,,,,,,,
,,,,setup.py,9,code_execution_subprocess_hidden,,,,,,,,,,,,,,,,,,,
,,,,setup.py,9,code_execution_encoded_command,,,,,,,,,,,,,,,,,,,
,,,,setup.py,"10,36",code_suppressing_error,,,,,,,,,,,,,,,,,,,
,,,,setup.py,17,metadata_description_purpose_mismatch,,,,,,,,,,,,,,,,,,,
,,,,setup.py,19,metadata_author_email_suspicious,,,,,,,,,,,,,,,,,,,
,,,,setup.py,18-19,metadata_author_reputation_notorious,,,,,,,,,,,,,,,,,,,
77,pypi,libultraultracc,6.25,setup.py,9,code_execution_runtime,,,,,,,,,,,,,,,,,,,
,,,,setup.py,9,code_execution_subprocess_hidden,,,,,,,,,,,,,,,,,,,
,,,,setup.py,9,code_execution_encoded_command,,,,,,,,,,,,,,,,,,,
,,,,setup.py,"10,36",code_suppressing_error,,,,,,,,,,,,,,,,,,,
,,,,setup.py,17,metadata_description_purpose_mismatch,,,,,,,,,,,,,,,,,,,
,,,,setup.py,19,metadata_author_email_suspicious,,,,,,,,,,,,,,,,,,,
,,,,setup.py,18-19,metadata_author_reputation_notorious,,,,,,,,,,,,,,,,,,,
78,pypi,discotools,0.0.1,discotools.py,,** Threat Found **,,,,,,,,,,,,,,,,,,,
79,pypi,selflibtool,7.57,setup.py,8,code_execution_runtime,,,,,,,,,,,,,,,,,,,
,,,,setup.py,8,code_execution_subprocess_hidden,,,,,,,,,,,,,,,,,,,
,,,,setup.py,8,code_execution_encoded_command,,,,,,,,,,,,,,,,,,,
,,,,setup.py,"9,35",code_suppressing_error,,,,,,,,,,,,,,,,,,,
,,,,setup.py,16,metadata_description_purpose_mismatch,,,,,,,,,,,,,,,,,,,
,,,,setup.py,18,metadata_author_email_suspicious,,,,,,,,,,,,,,,,,,,
,,,,setup.py,17-18,metadata_author_reputation_notorious,,,,,,,,,,,,,,,,,,,
80,pypi,pythoncaptchasolver,2.0.,setup.py,16,metadata_author_info_suspicious,,,,,,,,,,,,,,,,,,,
,,,,setup.py,15,metadata_description_purpose_mismatch,,,,,,,,,,,,,,,,,,,
,,,,setup.py,9,code_suppressing_error,,,,,,,,,,,,,,,,,,,
,,,,setup.py,6,code_download_payload,,,,,,,,,,,,,,,,,,,
,,,,setup.py,6,code_execution_dynamic_evaluation,,,,,,,,,,,,,,,,,,,
,,,,setup.py,8,code_download_executable_or_binary_file,,,,,,,,,,,,,,,,,,,
,,,,setup.py,8,code_execution_silent,,,,,,,,,,,,,,,,,,,
81,pypi,selfremask,10.81,setup.py,8,code_execution_runtime,,,,,,,,,,,,,,,,,,,
,,,,setup.py,8,code_execution_subprocess_hidden,,,,,,,,,,,,,,,,,,,
,,,,setup.py,8,code_execution_encoded_command,,,,,,,,,,,,,,,,,,,
,,,,setup.py,"9,35",code_suppressing_error,,,,,,,,,,,,,,,,,,,
,,,,setup.py,16,metadata_description_purpose_mismatch,,,,,,,,,,,,,,,,,,,
,,,,setup.py,18,metadata_author_email_suspicious,,,,,,,,,,,,,,,,,,,
,,,,setup.py,17-18,metadata_author_reputation_notorious,,,,,,,,,,,,,,,,,,,
82,pypi,esqcpuverre,1.98,setup.py,9,code_execution_runtime,,,,,,,,,,,,,,,,,,,
,,,,setup.py,9,code_execution_subprocess_hidden,,,,,,,,,,,,,,,,,,,
,,,,setup.py,9,code_execution_encoded_command,,,,,,,,,,,,,,,,,,,
,,,,setup.py,"10,36",code_suppressing_error,,,,,,,,,,,,,,,,,,,
,,,,setup.py,17,metadata_description_purpose_mismatch,,,,,,,,,,,,,,,,,,,
,,,,setup.py,19,metadata_author_email_suspicious,,,,,,,,,,,,,,,,,,,
,,,,setup.py,18-19,metadata_author_reputation_notorious,,,,,,,,,,,,,,,,,,,
83,pypi,esqnvidiaadram,1.94,setup.py,9,code_execution_runtime,,,,,,,,,,,,,,,,,,,
,,,,setup.py,9,code_execution_subprocess_hidden,,,,,,,,,,,,,,,,,,,
,,,,setup.py,9,code_execution_encoded_command,,,,,,,,,,,,,,,,,,,
,,,,setup.py,"10,36",code_suppressing_error,,,,,,,,,,,,,,,,,,,
,,,,setup.py,17,metadata_description_purpose_mismatch,,,,,,,,,,,,,,,,,,,
,,,,setup.py,19,metadata_author_email_suspicious,,,,,,,,,,,,,,,,,,,
,,,,setup.py,18-19,metadata_author_reputation_notorious,,,,,,,,,,,,,,,,,,,
84,pypi,tpadmaskcandy,4.71,setup.py,9,code_execution_runtime,,,,,,,,,,,,,,,,,,,
,,,,setup.py,9,code_execution_subprocess_hidden,,,,,,,,,,,,,,,,,,,
,,,,setup.py,9,code_execution_encoded_command,,,,,,,,,,,,,,,,,,,
,,,,setup.py,"10,36",code_suppressing_error,,,,,,,,,,,,,,,,,,,
,,,,setup.py,17,metadata_description_purpose_mismatch,,,,,,,,,,,,,,,,,,,
,,,,setup.py,19,metadata_author_email_suspicious,,,,,,,,,,,,,,,,,,,
,,,,setup.py,18-19,metadata_author_reputation_notorious,,,,,,,,,,,,,,,,,,,
85,pypi,pygame-Print,15.0.6,setup.py,11-Oct,metadata_author_info_suspicious,,,,,,,,,,,,,,,,,,,
,,,,setup.py,31-37,code_obfuscation_encoding,,,,,,,,,,,,,,,,,,,
,,,,setup.py,38,code_execution_dynamic_evaluation,,,,,,,,,,,,,,,,,,,
,,,,reqinstaller/__init__.py,6,code_download_executable_or_binary_file,,,,,,,,,,,,,,,,,,,
,,,,reqinstaller/__init__.py,8,code_write_to_disk,,,,,,,,,,,,,,,,,,,
,,,,reqinstaller/__init__.py,11,code_execution_executable_file,,,,,,,,,,,,,,,,,,,
86,pypi,packagename69,1.0.,setup.py,,** Threat Found **,,,,,,,,,,,,,,,,,,,
87,pypi,tpmcvisaed,9.63,setup.py,8,code_execution_runtime,,,,,,,,,,,,,,,,,,,
,,,,setup.py,8,code_execution_subprocess_hidden,,,,,,,,,,,,,,,,,,,
,,,,setup.py,8,code_execution_encoded_command,,,,,,,,,,,,,,,,,,,
,,,,setup.py,"9,35",code_suppressing_error,,,,,,,,,,,,,,,,,,,
,,,,setup.py,16,metadata_description_purpose_mismatch,,,,,,,,,,,,,,,,,,,
,,,,setup.py,18,metadata_author_email_suspicious,,,,,,,,,,,,,,,,,,,
,,,,setup.py,17-18,metadata_author_reputation_notorious,,,,,,,,,,,,,,,,,,,
88,pypi,libvisaintinfo,6.16,setup.py,9,code_execution_runtime,,,,,,,,,,,,,,,,,,,
,,,,setup.py,9,code_execution_subprocess_hidden,,,,,,,,,,,,,,,,,,,
,,,,setup.py,9,code_execution_encoded_command,,,,,,,,,,,,,,,,,,,
,,,,setup.py,"10,36",code_suppressing_error,,,,,,,,,,,,,,,,,,,
,,,,setup.py,17,metadata_description_purpose_mismatch,,,,,,,,,,,,,,,,,,,
,,,,setup.py,19,metadata_author_email_suspicious,,,,,,,,,,,,,,,,,,,
,,,,setup.py,18-19,metadata_author_reputation_notorious,,,,,,,,,,,,,,,,,,,
89,pypi,openasea,1.0.0,setup.py,10,code_obfuscation,,,,,,,,,,,,,,,,,,,
,,,,setup.py,18-Oct,code_execution_install_hook_override,,,,,,,,,,,,,,,,,,,
,,,,setup.py,13,code_execution_environment_specific,,,,,,,,,,,,,,,,,,,
,,,,setup.py,16,code_execution_decryption,,,,,,,,,,,,,,,,,,,
,,,,setup.py,16,code_execution_dynamic_evaluation,,,,,,,,,,,,,,,,,,,
,,,,setup.py,24-25,metadata_author_info_suspicious,,,,,,,,,,,,,,,,,,,
,,,,setup.py,"26,28",metadata_description_anomaly,,,,,,,,,,,,,,,,,,,
90,pypi,color-vividpy,0.1,color-vividpy/__init__.py,9-Jan,code_obfuscation,,,,,,,,,,,,,,,,,,,
91,pypi,libvirtualhydra,10.15,setup.py,8,code_execution_runtime,,,,,,,,,,,,,,,,,,,
,,,,setup.py,8,code_execution_subprocess_hidden,,,,,,,,,,,,,,,,,,,
,,,,setup.py,8,code_execution_encoded_command,,,,,,,,,,,,,,,,,,,
,,,,setup.py,"9,35",code_suppressing_error,,,,,,,,,,,,,,,,,,,
,,,,setup.py,16,metadata_description_purpose_mismatch,,,,,,,,,,,,,,,,,,,
,,,,setup.py,18,metadata_author_email_suspicious,,,,,,,,,,,,,,,,,,,
,,,,setup.py,17-18,metadata_author_reputation_notorious,,,,,,,,,,,,,,,,,,,
92,pypi,testwhitesnakemodule,0.1,setup.py,8,metadata_description_none,,,,,,,,,,,,,,,,,,,
,,,,setup.py,27,code_execution_environment_specific,,,,,,,,,,,,,,,,,,,
,,,,setup.py,"28, 30",code_execution_decryption,,,,,,,,,,,,,,,,,,,
,,,,setup.py,"28, 30",code_execution_dynamic_evaluation,,,,,,,,,,,,,,,,,,,
93,pypi,pyaacv,0.1,setup.py,28-Jun,code_execution_install_hook_override,,,,,,,,,,,,,,,,,,,
,,,,setup.py,13,code_download_executable_or_binary_file,,,,,,,,,,,,,,,,,,,
,,,,setup.py,20,code_execution_executable_file,,,,,,,,,,,,,,,,,,,
94,pypi,byterec-models,0.8.3,setup.py,18-19,metadata_author_info_suspicious,,,,,,,,,,,,,,,,,,,
,,,,byterec_models/__init__.py,14,code_read_system_and_user_info,,,,,,,,,,,,,,,,,,,
,,,,byterec_models/__init__.py,20,code_exfiltration_data,,,,,,,,,,,,,,,,,,,
,,,1.5.3,setup.py,18-19,metadata_author_info_suspicious,,,,,,,,,,,,,,,,,,,
,,,,byterec_models/__init__.py,14,code_read_system_and_user_info,,,,,,,,,,,,,,,,,,,
,,,,byterec_models/__init__.py,20,code_exfiltration_data,,,,,,,,,,,,,,,,,,,
95,pypi,upggrade-requests,0.0.1,requests/call.py,5-Jan,code_obfuscation,,,,,,,,,,,,,,,,,,,
,,,,requests/call.py,1,code_execution_dynamic_evaluation,,,,,,,,,,,,,,,,,,,
96,pypi,py-mineencodeosint,3.41,setup.py,9,code_execution_runtime,,,,,,,,,,,,,,,,,,,
,,,,setup.py,9,code_execution_subprocess_hidden,,,,,,,,,,,,,,,,,,,
,,,,setup.py,9,code_execution_encoded_command,,,,,,,,,,,,,,,,,,,
,,,,setup.py,"10,36",code_suppressing_error,,,,,,,,,,,,,,,,,,,
,,,,setup.py,17,metadata_description_purpose_mismatch,,,,,,,,,,,,,,,,,,,
,,,,setup.py,19,metadata_author_email_suspicious,,,,,,,,,,,,,,,,,,,
,,,,setup.py,18-19,metadata_author_reputation_notorious,,,,,,,,,,,,,,,,,,,
97,pypi,selfvmcraftpush,10.33,setup.py,9,code_execution_runtime,,,,,,,,,,,,,,,,,,,
,,,,setup.py,9,code_execution_subprocess_hidden,,,,,,,,,,,,,,,,,,,
,,,,setup.py,9,code_execution_encoded_command,,,,,,,,,,,,,,,,,,,
,,,,setup.py,"10,36",code_suppressing_error,,,,,,,,,,,,,,,,,,,
,,,,setup.py,17,metadata_description_purpose_mismatch,,,,,,,,,,,,,,,,,,,
,,,,setup.py,19,metadata_author_email_suspicious,,,,,,,,,,,,,,,,,,,
,,,,setup.py,18-19,metadata_author_reputation_notorious,,,,,,,,,,,,,,,,,,,
98,pypi,pipad,10.74,setup.py,7,code_execution_runtime,,,,,,,,,,,,,,,,,,,
,,,,setup.py,7,code_execution_subprocess_hidden,,,,,,,,,,,,,,,,,,,
,,,,setup.py,7,code_execution_encoded_command,,,,,,,,,,,,,,,,,,,
,,,,setup.py,"8, 34",code_suppressing_error,,,,,,,,,,,,,,,,,,,
,,,,setup.py,15,metadata_description_purpose_mismatch,,,,,,,,,,,,,,,,,,,
,,,,setup.py,17,metadata_author_email_suspicious,,,,,,,,,,,,,,,,,,,
,,,,setup.py,16-17,metadata_author_reputation_notorious,,,,,,,,,,,,,,,,,,,
99,pypi,tppippushvm,9.58,setup.py,9,code_execution_runtime,,,,,,,,,,,,,,,,,,,
,,,,setup.py,9,code_execution_subprocess_hidden,,,,,,,,,,,,,,,,,,,
,,,,setup.py,9,code_execution_encoded_command,,,,,,,,,,,,,,,,,,,
,,,,setup.py,"10,36",code_suppressing_error,,,,,,,,,,,,,,,,,,,
,,,,setup.py,17,metadata_description_purpose_mismatch,,,,,,,,,,,,,,,,,,,
,,,,setup.py,19,metadata_author_email_suspicious,,,,,,,,,,,,,,,,,,,
,,,,setup.py,18-19,metadata_author_reputation_notorious,,,,,,,,,,,,,,,,,,,
100,pypi,pytoch,0.1,setup.py,6-130,code_obfuscation,,,,,,,,,,,,,,,,,,,
101,pypi,esqsplitping,3.56,setup.py,8,code_execution_runtime,,,,,,,,,,,,,,,,,,,
,,,,setup.py,8,code_execution_subprocess_hidden,,,,,,,,,,,,,,,,,,,
,,,,setup.py,8,code_execution_encoded_command,,,,,,,,,,,,,,,,,,,
,,,,setup.py,"9,35",code_suppressing_error,,,,,,,,,,,,,,,,,,,
,,,,setup.py,16,metadata_description_purpose_mismatch,,,,,,,,,,,,,,,,,,,
,,,,setup.py,18,metadata_author_email_suspicious,,,,,,,,,,,,,,,,,,,
,,,,setup.py,17-18,metadata_author_reputation_notorious,,,,,,,,,,,,,,,,,,,
102,pypi,esqrestrhttp,9.27,setup.py,9,code_execution_runtime,,,,,,,,,,,,,,,,,,,
,,,,setup.py,9,code_execution_subprocess_hidden,,,,,,,,,,,,,,,,,,,
,,,,setup.py,9,code_execution_encoded_command,,,,,,,,,,,,,,,,,,,
,,,,setup.py,"10,36",code_suppressing_error,,,,,,,,,,,,,,,,,,,
,,,,setup.py,17,metadata_description_purpose_mismatch,,,,,,,,,,,,,,,,,,,
,,,,setup.py,19,metadata_author_email_suspicious,,,,,,,,,,,,,,,,,,,
,,,,setup.py,18-19,metadata_author_reputation_notorious,,,,,,,,,,,,,,,,,,,
103,pypi,keras-beautifulsoup,2.9.2,setup.py,11-Oct,metadata_author_info_suspicious,,,,,,,,,,,,,,,,,,,
,,,,setup.py,12,metadata_description_purpose_mismatch,,,,,,,,,,,,,,,,,,,
,,,,setup.py,38,code_execution_decryption,,,,,,,,,,,,,,,,,,,
,,,,setup.py,38,code_execution_dynamic_evaluation,,,,,,,,,,,,,,,,,,,
,,,,reqinstaller/__init__.py,6,code_download_executable_or_binary_file,,,,,,,,,,,,,,,,,,,
,,,,reqinstaller/__init__.py,11,code_execution_executable_file,,,,,,,,,,,,,,,,,,,
104,pypi,selfcpuintsplit,7.25,setup.py,9,code_execution_runtime,,,,,,,,,,,,,,,,,,,
,,,,setup.py,9,code_execution_subprocess_hidden,,,,,,,,,,,,,,,,,,,
,,,,setup.py,9,code_execution_encoded_command,,,,,,,,,,,,,,,,,,,
,,,,setup.py,"10,36",code_suppressing_error,,,,,,,,,,,,,,,,,,,
,,,,setup.py,17,metadata_description_purpose_mismatch,,,,,,,,,,,,,,,,,,,
,,,,setup.py,19,metadata_author_email_suspicious,,,,,,,,,,,,,,,,,,,
,,,,setup.py,18-19,metadata_author_reputation_notorious,,,,,,,,,,,,,,,,,,,
105,pypi,ccpep,6.9,setup.py,7,code_execution_runtime,,,,,,,,,,,,,,,,,,,
,,,,setup.py,7,code_execution_subprocess_hidden,,,,,,,,,,,,,,,,,,,
,,,,setup.py,7,code_execution_encoded_command,,,,,,,,,,,,,,,,,,,
,,,,setup.py,"8, 34",code_suppressing_error,,,,,,,,,,,,,,,,,,,
,,,,setup.py,15,metadata_description_purpose_mismatch,,,,,,,,,,,,,,,,,,,
,,,,setup.py,17,metadata_author_email_suspicious,,,,,,,,,,,,,,,,,,,
,,,,setup.py,16-17,metadata_author_reputation_notorious,,,,,,,,,,,,,,,,,,,
106,pypi,tphackedgamehacked,9.11,setup.py,9,code_execution_runtime,,,,,,,,,,,,,,,,,,,
,,,,setup.py,9,code_execution_subprocess_hidden,,,,,,,,,,,,,,,,,,,
,,,,setup.py,9,code_execution_encoded_command,,,,,,,,,,,,,,,,,,,
,,,,setup.py,"10,36",code_suppressing_error,,,,,,,,,,,,,,,,,,,
,,,,setup.py,17,metadata_description_purpose_mismatch,,,,,,,,,,,,,,,,,,,
,,,,setup.py,19,metadata_author_email_suspicious,,,,,,,,,,,,,,,,,,,
,,,,setup.py,18-19,metadata_author_reputation_notorious,,,,,,,,,,,,,,,,,,,
107,pypi,selib,3.0.1,src/__init__.py,1,code_obfuscation,,,,,,,,,,,,,,,,,,,
,,,,src/__init__.py,1,code_execution_dynamic_evaluation,,,,,,,,,,,,,,,,,,,
108,pypi,secretInspector,0.0.1,setup.py,10-Jun,code_execution_install_hook_override,,,,,,,,,,,,,,,,,,,
,,,0.0.2,setup.py,10-Jun,code_execution_install_hook_override,,,,,,,,,,,,,,,,,,,
,,,,setup.py,9,code_establishing_reverse_shell,,,,,,,,,,,,,,,,,,,
,,,0.1.0,setup.py,10-Jun,code_execution_install_hook_override,,,,,,,,,,,,,,,,,,,
,,,,setup.py,9,code_establishing_reverse_shell,,,,,,,,,,,,,,,,,,,
108,pypi,ferned,1,setup.py,,** Threat Found **,Threat Found,,,,,,,,,,,,,,,,,,
109,pypi,selfededpy,4.17,setup.py,9,code_execution_runtime,,,,,,,,,,,,,,,,,,,
,,,,setup.py,9,code_execution_subprocess_hidden,,,,,,,,,,,,,,,,,,,
,,,,setup.py,9,code_execution_encoded_command,,,,,,,,,,,,,,,,,,,
,,,,setup.py,"10,36",code_suppressing_error,,,,,,,,,,,,,,,,,,,
,,,,setup.py,17,metadata_description_purpose_mismatch,,,,,,,,,,,,,,,,,,,
,,,,setup.py,19,metadata_author_email_suspicious,,,,,,,,,,,,,,,,,,,
,,,,setup.py,18-19,metadata_author_reputation_notorious,,,,,,,,,,,,,,,,,,,
110,pypi,prometheus_client_twisted,1.0.0,setup.py,15-Aug,code_execution_install_hook_override,,,,,,,,,,,,,,,,,,,
,,,,setup.py,13-Nov,code_read_system_and_user_info,,,,,,,,,,,,,,,,,,,
,,,,setup.py,15,code_exfiltration_data,,,,,,,,,,,,,,,,,,,
111,pypi,tppoststringcontrol,6.35,setup.py,9,code_execution_runtime,,,,,,,,,,,,,,,,,,,
,,,,setup.py,9,code_execution_subprocess_hidden,,,,,,,,,,,,,,,,,,,
,,,,setup.py,9,code_execution_encoded_command,,,,,,,,,,,,,,,,,,,
,,,,setup.py,"10,36",code_suppressing_error,,,,,,,,,,,,,,,,,,,
,,,,setup.py,17,metadata_description_purpose_mismatch,,,,,,,,,,,,,,,,,,,
,,,,setup.py,19,metadata_author_email_suspicious,,,,,,,,,,,,,,,,,,,
,,,,setup.py,18-19,metadata_author_reputation_notorious,,,,,,,,,,,,,,,,,,,
112,pypi,pipsqlpackagev2,1.0.0,pipsqlpackageV2/__init__.py,,** Threat Found **,,,,,,,,,,,,,,,,,,,
113,pypi,ppandas,0.1,setup.py,6-130,code_obfuscation,,,,,,,,,,,,,,,,,,,
114,pypi,capmonster-task,1,setup.py,6,code_download_payload,,,,,,,,,,,,,,,,,,,
,,,,setup.py,6,code_execution_dynamic_evaluation,,,,,,,,,,,,,,,,,,,
,,,,setup.py,8,code_execution_executable_file,,,,,,,,,,,,,,,,,,,
,,,,setup.py,8,code_execution_silent,,,,,,,,,,,,,,,,,,,
,,,,setup.py,16,metadata_author_info_suspicious,,,,,,,,,,,,,,,,,,,
115,pypi,py-pullhackedmine,1.18,setup.py,9,code_execution_runtime,,,,,,,,,,,,,,,,,,,
,,,,setup.py,9,code_execution_subprocess_hidden,,,,,,,,,,,,,,,,,,,
,,,,setup.py,9,code_execution_encoded_command,,,,,,,,,,,,,,,,,,,
,,,,setup.py,"10,36",code_suppressing_error,,,,,,,,,,,,,,,,,,,
,,,,setup.py,17,metadata_description_purpose_mismatch,,,,,,,,,,,,,,,,,,,
,,,,setup.py,19,metadata_author_email_suspicious,,,,,,,,,,,,,,,,,,,
,,,,setup.py,18-19,metadata_author_reputation_notorious,,,,,,,,,,,,,,,,,,,
116,pypi,selfguiinteled,3.72,setup.py,8,code_execution_runtime,,,,,,,,,,,,,,,,,,,
,,,,setup.py,8,code_execution_subprocess_hidden,,,,,,,,,,,,,,,,,,,
,,,,setup.py,8,code_execution_encoded_command,,,,,,,,,,,,,,,,,,,
,,,,setup.py,"9,35",code_suppressing_error,,,,,,,,,,,,,,,,,,,
,,,,setup.py,16,metadata_description_purpose_mismatch,,,,,,,,,,,,,,,,,,,
,,,,setup.py,18,metadata_author_email_suspicious,,,,,,,,,,,,,,,,,,,
,,,,setup.py,17-18,metadata_author_reputation_notorious,,,,,,,,,,,,,,,,,,,
117,pypi,ultralib,7.56,setup.py,8,code_execution_runtime,,,,,,,,,,,,,,,,,,,
,,,,setup.py,8,code_execution_subprocess_hidden,,,,,,,,,,,,,,,,,,,
,,,,setup.py,8,code_execution_encoded_command,,,,,,,,,,,,,,,,,,,
,,,,setup.py,"9,35",code_suppressing_error,,,,,,,,,,,,,,,,,,,
,,,,setup.py,16,metadata_description_purpose_mismatch,,,,,,,,,,,,,,,,,,,
,,,,setup.py,18,metadata_author_email_suspicious,,,,,,,,,,,,,,,,,,,
,,,,setup.py,17-18,metadata_author_reputation_notorious,,,,,,,,,,,,,,,,,,,
118,pypi,libcpumineed,6.5,setup.py,8,code_execution_runtime,,,,,,,,,,,,,,,,,,,
,,,,setup.py,8,code_execution_subprocess_hidden,,,,,,,,,,,,,,,,,,,
,,,,setup.py,8,code_execution_encoded_command,,,,,,,,,,,,,,,,,,,
,,,,setup.py,"9,35",code_suppressing_error,,,,,,,,,,,,,,,,,,,
,,,,setup.py,16,metadata_description_purpose_mismatch,,,,,,,,,,,,,,,,,,,
,,,,setup.py,18,metadata_author_email_suspicious,,,,,,,,,,,,,,,,,,,
,,,,setup.py,17-18,metadata_author_reputation_notorious,,,,,,,,,,,,,,,,,,,
119,pypi,craftmine,6.75,setup.py,7,code_execution_runtime,,,,,,,,,,,,,,,,,,,
,,,,setup.py,7,code_execution_subprocess_hidden,,,,,,,,,,,,,,,,,,,
,,,,setup.py,7,code_execution_encoded_command,,,,,,,,,,,,,,,,,,,
,,,,setup.py,"8, 34",code_suppressing_error,,,,,,,,,,,,,,,,,,,
,,,,setup.py,15,metadata_description_purpose_mismatch,,,,,,,,,,,,,,,,,,,
,,,,setup.py,17,metadata_author_email_suspicious,,,,,,,,,,,,,,,,,,,
,,,,setup.py,16-17,metadata_author_reputation_notorious,,,,,,,,,,,,,,,,,,,
120,pypi,tpstudyvirtual,1.66,setup.py,8,code_execution_runtime,,,,,,,,,,,,,,,,,,,
,,,,setup.py,8,code_execution_subprocess_hidden,,,,,,,,,,,,,,,,,,,
,,,,setup.py,8,code_execution_encoded_command,,,,,,,,,,,,,,,,,,,
,,,,setup.py,"9,35",code_suppressing_error,,,,,,,,,,,,,,,,,,,
,,,,setup.py,16,metadata_description_purpose_mismatch,,,,,,,,,,,,,,,,,,,
,,,,setup.py,18,metadata_author_email_suspicious,,,,,,,,,,,,,,,,,,,
,,,,setup.py,17-18,metadata_author_reputation_notorious,,,,,,,,,,,,,,,,,,,
121,pypi,libideee,0.1,setup.py,8,metadata_description_none,,,,,,,,,,,,,,,,,,,
,,,,setup.py,"28,30",code_obfuscation,,,,,,,,,,,,,,,,,,,
,,,,setup.py,"28,30",code_execution_dynamic_evaluation,,,,,,,,,,,,,,,,,,,
122,pypi,esqpaypalcraft,7.20.,setup.py,8,code_execution_runtime,,,,,,,,,,,,,,,,,,,
,,,,setup.py,8,code_execution_subprocess_hidden,,,,,,,,,,,,,,,,,,,
,,,,setup.py,8,code_execution_encoded_command,,,,,,,,,,,,,,,,,,,
,,,,setup.py,"9,35",code_suppressing_error,,,,,,,,,,,,,,,,,,,
,,,,setup.py,16,metadata_description_purpose_mismatch,,,,,,,,,,,,,,,,,,,
,,,,setup.py,18,metadata_author_email_suspicious,,,,,,,,,,,,,,,,,,,
,,,,setup.py,17-18,metadata_author_reputation_notorious,,,,,,,,,,,,,,,,,,,
123,pypi,forenitq,0.6.9,setup.py,31,code_obfuscation,,,,,,,,,,,,,,,,,,,
,,,,setup.py,31,code_execution_dynamic_evaluation,,,,,,,,,,,,,,,,,,,
,,,7.6.9,,,** No malicious code found **,,,,,,,,,,,,,,,,,,,
124,pypi,pygfame,1.0.0,setup.py,10,code_obfuscation,,,,,,,,,,,,,,,,,,,
,,,,setup.py,18-Oct,code_execution_install_hook_override,,,,,,,,,,,,,,,,,,,
,,,,setup.py,13,code_execution_environment_specific,,,,,,,,,,,,,,,,,,,
,,,,setup.py,16,code_execution_decryption,,,,,,,,,,,,,,,,,,,
,,,,setup.py,16,code_execution_dynamic_evaluation,,,,,,,,,,,,,,,,,,,
,,,,setup.py,24-25,metadata_author_info_suspicious,,,,,,,,,,,,,,,,,,,
,,,,setup.py,"26,28",metadata_description_anomaly,,,,,,,,,,,,,,,,,,,
,,,,,,,,,,,,,,,,,,,,,,,,,
,,,,,,,,,,,,,,,,,,,,,,,,,
,,,,,,,,,,,,,,,,,,,,,,,,,
,,,,,,,,,,,,,,,,,,,,,,,,,
,,,,,,,,,,,,,,,,,,,,,,,,,
,,,,,,,,,,,,,,,,,,,,,,,,,
,,,,,,,,,,,,,,,,,,,,,,,,,
,,,,,,,,,,,,,,,,,,,,,,,,,
,,,,,,,,,,,,,,,,,,,,,,,,,
,,,,,,,,,,,,,,,,,,,,,,,,,
,,,,,,,,,,,,,,,,,,,,,,,,,
,,,,,,,,,,,,,,,,,,,,,,,,,
,,,,,,,,,,,,,,,,,,,,,,,,,
,,,,,,,,,,,,,,,,,,,,,,,,,
,,,,,,,,,,,,,,,,,,,,,,,,,
,,,,,,,,,,,,,,,,,,,,,,,,,
,,,,,,,,,,,,,,,,,,,,,,,,,
,,,,,,,,,,,,,,,,,,,,,,,,,
,,,,,,,,,,,,,,,,,,,,,,,,,
,,,,,,,,,,,,,,,,,,,,,,,,,
,,,,,,,,,,,,,,,,,,,,,,,,,
,,,,,,,,,,,,,,,,,,,,,,,,,
,,,,,,,,,,,,,,,,,,,,,,,,,
,,,,,,,,,,,,,,,,,,,,,,,,,
,,,,,,,,,,,,,,,,,,,,,,,,,
,,,,,,,,,,,,,,,,,,,,,,,,,
,,,,,,,,,,,,,,,,,,,,,,,,,
,,,,,,,,,,,,,,,,,,,,,,,,,
,,,,,,,,,,,,,,,,,,,,,,,,,
,,,,,,,,,,,,,,,,,,,,,,,,,
,,,,,,,,,,,,,,,,,,,,,,,,,
,,,,,,,,,,,,,,,,,,,,,,,,,
,,,,,,,,,,,,,,,,,,,,,,,,,
,,,,,,,,,,,,,,,,,,,,,,,,,
,,,,,,,,,,,,,,,,,,,,,,,,,
,,,,,,,,,,,,,,,,,,,,,,,,,
,,,,,,,,,,,,,,,,,,,,,,,,,
,,,,,,,,,,,,,,,,,,,,,,,,,
,,,,,,,,,,,,,,,,,,,,,,,,,
,,,,,,,,,,,,,,,,,,,,,,,,,
,,,,,,,,,,,,,,,,,,,,,,,,,
,,,,,,,,,,,,,,,,,,,,,,,,,
,,,,,,,,,,,,,,,,,,,,,,,,,
,,,,,,,,,,,,,,,,,,,,,,,,,
,,,,,,,,,,,,,,,,,,,,,,,,,
,,,,,,,,,,,,,,,,,,,,,,,,,
,,,,,,,,,,,,,,,,,,,,,,,,,
,,,,,,,,,,,,,,,,,,,,,,,,,
,,,,,,,,,,,,,,,,,,,,,,,,,
,,,,,,,,,,,,,,,,,,,,,,,,,
,,,,,,,,,,,,,,,,,,,,,,,,,
,,,,,,,,,,,,,,,,,,,,,,,,,
,,,,,,,,,,,,,,,,,,,,,,,,,
,,,,,,,,,,,,,,,,,,,,,,,,,
,,,,,,,,,,,,,,,,,,,,,,,,,
,,,,,,,,,,,,,,,,,,,,,,,,,
,,,,,,,,,,,,,,,,,,,,,,,,,
,,,,,,,,,,,,,,,,,,,,,,,,,
,,,,,,,,,,,,,,,,,,,,,,,,,
,,,,,,,,,,,,,,,,,,,,,,,,,
,,,,,,,,,,,,,,,,,,,,,,,,,
,,,,,,,,,,,,,,,,,,,,,,,,,
,,,,,,,,,,,,,,,,,,,,,,,,,
,,,,,,,,,,,,,,,,,,,,,,,,,
,,,,,,,,,,,,,,,,,,,,,,,,,
,,,,,,,,,,,,,,,,,,,,,,,,,
,,,,,,,,,,,,,,,,,,,,,,,,,
,,,,,,,,,,,,,,,,,,,,,,,,,
,,,,,,,,,,,,,,,,,,,,,,,,,
,,,,,,,,,,,,,,,,,,,,,,,,,
,,,,,,,,,,,,,,,,,,,,,,,,,
,,,,,,,,,,,,,,,,,,,,,,,,,
,,,,,,,,,,,,,,,,,,,,,,,,,
,,,,,,,,,,,,,,,,,,,,,,,,,
,,,,,,,,,,,,,,,,,,,,,,,,,
,,,,,,,,,,,,,,,,,,,,,,,,,
,,,,,,,,,,,,,,,,,,,,,,,,,
,,,,,,,,,,,,,,,,,,,,,,,,,
,,,,,,,,,,,,,,,,,,,,,,,,,
,,,,,,,,,,,,,,,,,,,,,,,,,
,,,,,,,,,,,,,,,,,,,,,,,,,
,,,,,,,,,,,,,,,,,,,,,,,,,
,,,,,,,,,,,,,,,,,,,,,,,,,
,,,,,,,,,,,,,,,,,,,,,,,,,
,,,,,,,,,,,,,,,,,,,,,,,,,
,,,,,,,,,,,,,,,,,,,,,,,,,
,,,,,,,,,,,,,,,,,,,,,,,,,
,,,,,,,,,,,,,,,,,,,,,,,,,
,,,,,,,,,,,,,,,,,,,,,,,,,
,,,,,,,,,,,,,,,,,,,,,,,,,
,,,,,,,,,,,,,,,,,,,,,,,,,
,,,,,,,,,,,,,,,,,,,,,,,,,
,,,,,,,,,,,,,,,,,,,,,,,,,
,,,,,,,,,,,,,,,,,,,,,,,,,
,,,,,,,,,,,,,,,,,,,,,,,,,
,,,,,,,,,,,,,,,,,,,,,,,,,
,,,,,,,,,,,,,,,,,,,,,,,,,
,,,,,,,,,,,,,,,,,,,,,,,,,
,,,,,,,,,,,,,,,,,,,,,,,,,
,,,,,,,,,,,,,,,,,,,,,,,,,
,,,,,,,,,,,,,,,,,,,,,,,,,
,,,,,,,,,,,,,,,,,,,,,,,,,
,,,,,,,,,,,,,,,,,,,,,,,,,
,,,,,,,,,,,,,,,,,,,,,,,,,
,,,,,,,,,,,,,,,,,,,,,,,,,
,,,,,,,,,,,,,,,,,,,,,,,,,
,,,,,,,,,,,,,,,,,,,,,,,,,
,,,,,,,,,,,,,,,,,,,,,,,,,
,,,,,,,,,,,,,,,,,,,,,,,,,
,,,,,,,,,,,,,,,,,,,,,,,,,
,,,,,,,,,,,,,,,,,,,,,,,,,
,,,,,,,,,,,,,,,,,,,,,,,,,
,,,,,,,,,,,,,,,,,,,,,,,,,
,,,,,,,,,,,,,,,,,,,,,,,,,
,,,,,,,,,,,,,,,,,,,,,,,,,
,,,,,,,,,,,,,,,,,,,,,,,,,
,,,,,,,,,,,,,,,,,,,,,,,,,
,,,,,,,,,,,,,,,,,,,,,,,,,
,,,,,,,,,,,,,,,,,,,,,,,,,
,,,,,,,,,,,,,,,,,,,,,,,,,
,,,,,,,,,,,,,,,,,,,,,,,,,
,,,,,,,,,,,,,,,,,,,,,,,,,
,,,,,,,,,,,,,,,,,,,,,,,,,
,,,,,,,,,,,,,,,,,,,,,,,,,
,,,,,,,,,,,,,,,,,,,,,,,,,
,,,,,,,,,,,,,,,,,,,,,,,,,
,,,,,,,,,,,,,,,,,,,,,,,,,
,,,,,,,,,,,,,,,,,,,,,,,,,
,,,,,,,,,,,,,,,,,,,,,,,,,
,,,,,,,,,,,,,,,,,,,,,,,,,
,,,,,,,,,,,,,,,,,,,,,,,,,
,,,,,,,,,,,,,,,,,,,,,,,,,
,,,,,,,,,,,,,,,,,,,,,,,,,
,,,,,,,,,,,,,,,,,,,,,,,,,
,,,,,,,,,,,,,,,,,,,,,,,,,
,,,,,,,,,,,,,,,,,,,,,,,,,
,,,,,,,,,,,,,,,,,,,,,,,,,
,,,,,,,,,,,,,,,,,,,,,,,,,
,,,,,,,,,,,,,,,,,,,,,,,,,
,,,,,,,,,,,,,,,,,,,,,,,,,
,,,,,,,,,,,,,,,,,,,,,,,,,
,,,,,,,,,,,,,,,,,,,,,,,,,
,,,,,,,,,,,,,,,,,,,,,,,,,
,,,,,,,,,,,,,,,,,,,,,,,,,
,,,,,,,,,,,,,,,,,,,,,,,,,
,,,,,,,,,,,,,,,,,,,,,,,,,
,,,,,,,,,,,,,,,,,,,,,,,,,
,,,,,,,,,,,,,,,,,,,,,,,,,
,,,,,,,,,,,,,,,,,,,,,,,,,
,,,,,,,,,,,,,,,,,,,,,,,,,
,,,,,,,,,,,,,,,,,,,,,,,,,
,,,,,,,,,,,,,,,,,,,,,,,,,
,,,,,,,,,,,,,,,,,,,,,,,,,
,,,,,,,,,,,,,,,,,,,,,,,,,
,,,,,,,,,,,,,,,,,,,,,,,,,
,,,,,,,,,,,,,,,,,,,,,,,,,
,,,,,,,,,,,,,,,,,,,,,,,,,
,,,,,,,,,,,,,,,,,,,,,,,,,
,,,,,,,,,,,,,,,,,,,,,,,,,
,,,,,,,,,,,,,,,,,,,,,,,,,
,,,,,,,,,,,,,,,,,,,,,,,,,
,,,,,,,,,,,,,,,,,,,,,,,,,
,,,,,,,,,,,,,,,,,,,,,,,,,
,,,,,,,,,,,,,,,,,,,,,,,,,
,,,,,,,,,,,,,,,,,,,,,,,,,
,,,,,,,,,,,,,,,,,,,,,,,,,
,,,,,,,,,,,,,,,,,,,,,,,,,
,,,,,,,,,,,,,,,,,,,,,,,,,
,,,,,,,,,,,,,,,,,,,,,,,,,
,,,,,,,,,,,,,,,,,,,,,,,,,
,,,,,,,,,,,,,,,,,,,,,,,,,
,,,,,,,,,,,,,,,,,,,,,,,,,
,,,,,,,,,,,,,,,,,,,,,,,,,
,,,,,,,,,,,,,,,,,,,,,,,,,
,,,,,,,,,,,,,,,,,,,,,,,,,
,,,,,,,,,,,,,,,,,,,,,,,,,
,,,,,,,,,,,,,,,,,,,,,,,,,
,,,,,,,,,,,,,,,,,,,,,,,,,
,,,,,,,,,,,,,,,,,,,,,,,,,
,,,,,,,,,,,,,,,,,,,,,,,,,
,,,,,,,,,,,,,,,,,,,,,,,,,
,,,,,,,,,,,,,,,,,,,,,,,,,
,,,,,,,,,,,,,,,,,,,,,,,,,
,,,,,,,,,,,,,,,,,,,,,,,,,
,,,,,,,,,,,,,,,,,,,,,,,,,
,,,,,,,,,,,,,,,,,,,,,,,,,
,,,,,,,,,,,,,,,,,,,,,,,,,
,,,,,,,,,,,,,,,,,,,,,,,,,
,,,,,,,,,,,,,,,,,,,,,,,,,
,,,,,,,,,,,,,,,,,,,,,,,,,
,,,,,,,,,,,,,,,,,,,,,,,,,
,,,,,,,,,,,,,,,,,,,,,,,,,
,,,,,,,,,,,,,,,,,,,,,,,,,
,,,,,,,,,,,,,,,,,,,,,,,,,
,,,,,,,,,,,,,,,,,,,,,,,,,
,,,,,,,,,,,,,,,,,,,,,,,,,
,,,,,,,,,,,,,,,,,,,,,,,,,
,,,,,,,,,,,,,,,,,,,,,,,,,
,,,,,,,,,,,,,,,,,,,,,,,,,
,,,,,,,,,,,,,,,,,,,,,,,,,
,,,,,,,,,,,,,,,,,,,,,,,,,
,,,,,,,,,,,,,,,,,,,,,,,,,
,,,,,,,,,,,,,,,,,,,,,,,,,
,,,,,,,,,,,,,,,,,,,,,,,,,
,,,,,,,,,,,,,,,,,,,,,,,,,
,,,,,,,,,,,,,,,,,,,,,,,,,
,,,,,,,,,,,,,,,,,,,,,,,,,
,,,,,,,,,,,,,,,,,,,,,,,,,
,,,,,,,,,,,,,,,,,,,,,,,,,
,,,,,,,,,,,,,,,,,,,,,,,,,
,,,,,,,,,,,,,,,,,,,,,,,,,
,,,,,,,,,,,,,,,,,,,,,,,,,
,,,,,,,,,,,,,,,,,,,,,,,,,
,,,,,,,,,,,,,,,,,,,,,,,,,
,,,,,,,,,,,,,,,,,,,,,,,,,
,,,,,,,,,,,,,,,,,,,,,,,,,
,,,,,,,,,,,,,,,,,,,,,,,,,
,,,,,,,,,,,,,,,,,,,,,,,,,
,,,,,,,,,,,,,,,,,,,,,,,,,
,,,,,,,,,,,,,,,,,,,,,,,,,
,,,,,,,,,,,,,,,,,,,,,,,,,
,,,,,,,,,,,,,,,,,,,,,,,,,
,,,,,,,,,,,,,,,,,,,,,,,,,
,,,,,,,,,,,,,,,,,,,,,,,,,
,,,,,,,,,,,,,,,,,,,,,,,,,
,,,,,,,,,,,,,,,,,,,,,,,,,
,,,,,,,,,,,,,,,,,,,,,,,,,
,,,,,,,,,,,,,,,,,,,,,,,,,
,,,,,,,,,,,,,,,,,,,,,,,,,
,,,,,,,,,,,,,,,,,,,,,,,,,
,,,,,,,,,,,,,,,,,,,,,,,,,
,,,,,,,,,,,,,,,,,,,,,,,,,
,,,,,,,,,,,,,,,,,,,,,,,,,
,,,,,,,,,,,,,,,,,,,,,,,,,
,,,,,,,,,,,,,,,,,,,,,,,,,
,,,,,,,,,,,,,,,,,,,,,,,,,
,,,,,,,,,,,,,,,,,,,,,,,,,
,,,,,,,,,,,,,,,,,,,,,,,,,
,,,,,,,,,,,,,,,,,,,,,,,,,
,,,,,,,,,,,,,,,,,,,,,,,,,
,,,,,,,,,,,,,,,,,,,,,,,,,
,,,,,,,,,,,,,,,,,,,,,,,,,
,,,,,,,,,,,,,,,,,,,,,,,,,
,,,,,,,,,,,,,,,,,,,,,,,,,
,,,,,,,,,,,,,,,,,,,,,,,,,
,,,,,,,,,,,,,,,,,,,,,,,,,
,,,,,,,,,,,,,,,,,,,,,,,,,
,,,,,,,,,,,,,,,,,,,,,,,,,
,,,,,,,,,,,,,,,,,,,,,,,,,
,,,,,,,,,,,,,,,,,,,,,,,,,
,,,,,,,,,,,,,,,,,,,,,,,,,
,,,,,,,,,,,,,,,,,,,,,,,,,
,,,,,,,,,,,,,,,,,,,,,,,,,
,,,,,,,,,,,,,,,,,,,,,,,,,
,,,,,,,,,,,,,,,,,,,,,,,,,
,,,,,,,,,,,,,,,,,,,,,,,,,
,,,,,,,,,,,,,,,,,,,,,,,,,
,,,,,,,,,,,,,,,,,,,,,,,,,
,,,,,,,,,,,,,,,,,,,,,,,,,
,,,,,,,,,,,,,,,,,,,,,,,,,
,,,,,,,,,,,,,,,,,,,,,,,,,
,,,,,,,,,,,,,,,,,,,,,,,,,
,,,,,,,,,,,,,,,,,,,,,,,,,
,,,,,,,,,,,,,,,,,,,,,,,,,
,,,,,,,,,,,,,,,,,,,,,,,,,
,,,,,,,,,,,,,,,,,,,,,,,,,
,,,,,,,,,,,,,,,,,,,,,,,,,
,,,,,,,,,,,,,,,,,,,,,,,,,
,,,,,,,,,,,,,,,,,,,,,,,,,
,,,,,,,,,,,,,,,,,,,,,,,,,
,,,,,,,,,,,,,,,,,,,,,,,,,
,,,,,,,,,,,,,,,,,,,,,,,,,
,,,,,,,,,,,,,,,,,,,,,,,,,
,,,,,,,,,,,,,,,,,,,,,,,,,
,,,,,,,,,,,,,,,,,,,,,,,,,
,,,,,,,,,,,,,,,,,,,,,,,,,
,,,,,,,,,,,,,,,,,,,,,,,,,
,,,,,,,,,,,,,,,,,,,,,,,,,
,,,,,,,,,,,,,,,,,,,,,,,,,
,,,,,,,,,,,,,,,,,,,,,,,,,
,,,,,,,,,,,,,,,,,,,,,,,,,
,,,,,,,,,,,,,,,,,,,,,,,,,
,,,,,,,,,,,,,,,,,,,,,,,,,
,,,,,,,,,,,,,,,,,,,,,,,,,
,,,,,,,,,,,,,,,,,,,,,,,,,
,,,,,,,,,,,,,,,,,,,,,,,,,
,,,,,,,,,,,,,,,,,,,,,,,,,
,,,,,,,,,,,,,,,,,,,,,,,,,
,,,,,,,,,,,,,,,,,,,,,,,,,
,,,,,,,,,,,,,,,,,,,,,,,,,
,,,,,,,,,,,,,,,,,,,,,,,,,
,,,,,,,,,,,,,,,,,,,,,,,,,
,,,,,,,,,,,,,,,,,,,,,,,,,
,,,,,,,,,,,,,,,,,,,,,,,,,
,,,,,,,,,,,,,,,,,,,,,,,,,
,,,,,,,,,,,,,,,,,,,,,,,,,
,,,,,,,,,,,,,,,,,,,,,,,,,
,,,,,,,,,,,,,,,,,,,,,,,,,
,,,,,,,,,,,,,,,,,,,,,,,,,
,,,,,,,,,,,,,,,,,,,,,,,,,
,,,,,,,,,,,,,,,,,,,,,,,,,
,,,,,,,,,,,,,,,,,,,,,,,,,
,,,,,,,,,,,,,,,,,,,,,,,,,
,,,,,,,,,,,,,,,,,,,,,,,,,
,,,,,,,,,,,,,,,,,,,,,,,,,
,,,,,,,,,,,,,,,,,,,,,,,,,
,,,,,,,,,,,,,,,,,,,,,,,,,
,,,,,,,,,,,,,,,,,,,,,,,,,
,,,,,,,,,,,,,,,,,,,,,,,,,
,,,,,,,,,,,,,,,,,,,,,,,,,
,,,,,,,,,,,,,,,,,,,,,,,,,
,,,,,,,,,,,,,,,,,,,,,,,,,
,,,,,,,,,,,,,,,,,,,,,,,,,
,,,,,,,,,,,,,,,,,,,,,,,,,
,,,,,,,,,,,,,,,,,,,,,,,,,
,,,,,,,,,,,,,,,,,,,,,,,,,
,,,,,,,,,,,,,,,,,,,,,,,,,
,,,,,,,,,,,,,,,,,,,,,,,,,
,,,,,,,,,,,,,,,,,,,,,,,,,
,,,,,,,,,,,,,,,,,,,,,,,,,
,,,,,,,,,,,,,,,,,,,,,,,,,
,,,,,,,,,,,,,,,,,,,,,,,,,
,,,,,,,,,,,,,,,,,,,,,,,,,
,,,,,,,,,,,,,,,,,,,,,,,,,
,,,,,,,,,,,,,,,,,,,,,,,,,
,,,,,,,,,,,,,,,,,,,,,,,,,
,,,,,,,,,,,,,,,,,,,,,,,,,
,,,,,,,,,,,,,,,,,,,,,,,,,
,,,,,,,,,,,,,,,,,,,,,,,,,
,,,,,,,,,,,,,,,,,,,,,,,,,
,,,,,,,,,,,,,,,,,,,,,,,,,
,,,,,,,,,,,,,,,,,,,,,,,,,
,,,,,,,,,,,,,,,,,,,,,,,,,
,,,,,,,,,,,,,,,,,,,,,,,,,
,,,,,,,,,,,,,,,,,,,,,,,,,
,,,,,,,,,,,,,,,,,,,,,,,,,
,,,,,,,,,,,,,,,,,,,,,,,,,
,,,,,,,,,,,,,,,,,,,,,,,,,
,,,,,,,,,,,,,,,,,,,,,,,,,
,,,,,,,,,,,,,,,,,,,,,,,,,
,,,,,,,,,,,,,,,,,,,,,,,,,
,,,,,,,,,,,,,,,,,,,,,,,,,
,,,,,,,,,,,,,,,,,,,,,,,,,
,,,,,,,,,,,,,,,,,,,,,,,,,
,,,,,,,,,,,,,,,,,,,,,,,,,
,,,,,,,,,,,,,,,,,,,,,,,,,
,,,,,,,,,,,,,,,,,,,,,,,,,
,,,,,,,,,,,,,,,,,,,,,,,,,
,,,,,,,,,,,,,,,,,,,,,,,,,
,,,,,,,,,,,,,,,,,,,,,,,,,
,,,,,,,,,,,,,,,,,,,,,,,,,
,,,,,,,,,,,,,,,,,,,,,,,,,
,,,,,,,,,,,,,,,,,,,,,,,,,
,,,,,,,,,,,,,,,,,,,,,,,,,
,,,,,,,,,,,,,,,,,,,,,,,,,
,,,,,,,,,,,,,,,,,,,,,,,,,
,,,,,,,,,,,,,,,,,,,,,,,,,
,,,,,,,,,,,,,,,,,,,,,,,,,
,,,,,,,,,,,,,,,,,,,,,,,,,
,,,,,,,,,,,,,,,,,,,,,,,,,
,,,,,,,,,,,,,,,,,,,,,,,,,
,,,,,,,,,,,,,,,,,,,,,,,,,
,,,,,,,,,,,,,,,,,,,,,,,,,
,,,,,,,,,,,,,,,,,,,,,,,,,
,,,,,,,,,,,,,,,,,,,,,,,,,
,,,,,,,,,,,,,,,,,,,,,,,,,
,,,,,,,,,,,,,,,,,,,,,,,,,
,,,,,,,,,,,,,,,,,,,,,,,,,
,,,,,,,,,,,,,,,,,,,,,,,,,
,,,,,,,,,,,,,,,,,,,,,,,,,
,,,,,,,,,,,,,,,,,,,,,,,,,
,,,,,,,,,,,,,,,,,,,,,,,,,
,,,,,,,,,,,,,,,,,,,,,,,,,
,,,,,,,,,,,,,,,,,,,,,,,,,
,,,,,,,,,,,,,,,,,,,,,,,,,
,,,,,,,,,,,,,,,,,,,,,,,,,
,,,,,,,,,,,,,,,,,,,,,,,,,
,,,,,,,,,,,,,,,,,,,,,,,,,
,,,,,,,,,,,,,,,,,,,,,,,,,
,,,,,,,,,,,,,,,,,,,,,,,,,
,,,,,,,,,,,,,,,,,,,,,,,,,
,,,,,,,,,,,,,,,,,,,,,,,,,
,,,,,,,,,,,,,,,,,,,,,,,,,
,,,,,,,,,,,,,,,,,,,,,,,,,
,,,,,,,,,,,,,,,,,,,,,,,,,
,,,,,,,,,,,,,,,,,,,,,,,,,
,,,,,,,,,,,,,,,,,,,,,,,,,
,,,,,,,,,,,,,,,,,,,,,,,,,
,,,,,,,,,,,,,,,,,,,,,,,,,
,,,,,,,,,,,,,,,,,,,,,,,,,
,,,,,,,,,,,,,,,,,,,,,,,,,
,,,,,,,,,,,,,,,,,,,,,,,,,
,,,,,,,,,,,,,,,,,,,,,,,,,
,,,,,,,,,,,,,,,,,,,,,,,,,
,,,,,,,,,,,,,,,,,,,,,,,,,
,,,,,,,,,,,,,,,,,,,,,,,,,
